__v,_id,author,club,country,createdAt,createdByUserWithRole,firstName,footed,height,isPublic,isSeededFromPlaymakerDb,lastName,lnpID,lnpProfileURL,minut90ProfileURL,position,transfermarktProfileURL,updatedAt,weight,yearOfBirth
,,,611bf1f6fe16ff48a850e30f,HR,,,Mato,R,175,FAŁSZ,PRAWDA,Milos,,,,RB,https://www.transfermarkt.pl/mato-milos/profil/spieler/178078,,,1993
,,,611bf1f6fe16ff48a850e312,CM,,,Lionel,,180,FAŁSZ,PRAWDA,Abate,,,,F,https://www.transfermarkt.pl/lionel-abate/profil/spieler/647279,,,2000
,,,611bf1f6fe16ff48a850e307,PL,,,Aleksander,,175,FAŁSZ,PRAWDA,Bieganski,,,,CM,https://www.transfermarkt.pl/aleksander-bieganski/profil/spieler/687440,,,2000
,,,611bf1f6fe16ff48a850e31f,PL,,,Dominik,,176,FAŁSZ,PRAWDA,Stupienko,,,,DM,https://www.transfermarkt.pl/dominik-stupienko/profil/spieler/553251,,,2002
,,,611bf1f6fe16ff48a850e324,PL,,,Adrian,,,FAŁSZ,PRAWDA,Szantyr,,,,CM,https://www.transfermarkt.pl/adrian-szantyr/profil/spieler/1039904,,,2004
,,,6048da42e56ecc0017564881,PL,,,Albert,,193,FAŁSZ,PRAWDA,Posiadała,,,,GK,https://www.transfermarkt.pl/a/profil/spieler/712378,,,2003
,,,607ed66d9318290017d92528,PL,,,Maciej,R,178,FAŁSZ,PRAWDA,Orłowski,,,,RB,https://www.transfermarkt.pl/owski/profil/spieler/273357,,,1994
,,,611bf1f6fe16ff48a850e313,PL,,,Lukasz,,,FAŁSZ,PRAWDA,Borkowski,,,,CM,https://www.transfermarkt.pl/lukasz-borkowski/profil/spieler/1036661,,,2003
,,,611bf1f6fe16ff48a850e2c6,UA,,,Dmytro,,190,FAŁSZ,PRAWDA,Sydorenko,,,,CB,https://www.transfermarkt.pl/dmytro-sydorenko/profil/spieler/328612,,,1994
,,,60bf2cfdc3b018001775fc20,PL,,,Dawid,,,FAŁSZ,PRAWDA,Kosmider,,,,CM,https://www.transfermarkt.pl/dawid-kosmider/profil/spieler/825586,,,2003
,,,611bf1f6fe16ff48a850e2e7,PL,,,Wiktor,R,180,FAŁSZ,PRAWDA,Bucko,,,,F,https://www.transfermarkt.pl/wiktor-bucko/profil/spieler/1049569,,,2003
,,,611bf1f6fe16ff48a850e31a,PL,,,Aleksander,,,FAŁSZ,PRAWDA,Spataru,,,,GK,https://www.transfermarkt.pl/aleksander-spataru/profil/spieler/1050222,,,2005
,,,611bf1f6fe16ff48a850e31a,UA,,,Kostiantyn,R,193,FAŁSZ,PRAWDA,Golovchenko,,,,F,https://www.transfermarkt.pl/kostiantyn-golovchenko/profil/spieler/1051187,,,2001
,,,611bf1f6fe16ff48a850e2ea,PL,,,Kamil,,,FAŁSZ,PRAWDA,Wiśniewski,,,,CM,https://www.transfermarkt.pl/Bniewski/profil/spieler/450123,,,1997
,,,6074adb807694d001781148e,PL,,,Mateusz,,,FAŁSZ,PRAWDA,Baran,,,,GK,https://www.transfermarkt.pl/mateusz-baran/profil/spieler/1011752,,,2003
,,,62febaaa9cfad700182fb7ed,PL,,,Damian,,177,FAŁSZ,PRAWDA,Glowacki,,,,CB,https://www.transfermarkt.pl/damian-glowacki/profil/spieler/1043434,,,1991
,,,62febaaa9cfad700182fb7ed,PL,,,Seweryn,,192,FAŁSZ,PRAWDA,Michalski,,,,CB,https://www.transfermarkt.pl/seweryn-michalski/profil/spieler/258424,,,1994
,,,62febaaa9cfad700182fb7ed,PL,,,Jakub,,175,FAŁSZ,PRAWDA,Piela,,,,CM,https://www.transfermarkt.pl/jakub-piela/profil/spieler/1043435,,,2001
,,,62febaaa9cfad700182fb7ed,PL,,,Kamil,,182,FAŁSZ,PRAWDA,Pluta,,,,F,https://www.transfermarkt.pl/kamil-pluta/profil/spieler/525743,,,1997
,,,62f8c3fcd76fa700184ca76c,PL,,,Sebastian,,191,FAŁSZ,PRAWDA,Pacek,,,,F,https://www.transfermarkt.pl/sebastian-pacek/profil/spieler/530604,,,1996
,,,6069a398e40eb400173fb918,PL,,,Jakub,R,168,FAŁSZ,PRAWDA,Draszczyk,,,,RM,https://www.transfermarkt.pl/jakub-draszczyk/profil/spieler/494746,,,1999
,,,62fbac5d3d72690018242440,PL,,,Michal,,,FAŁSZ,PRAWDA,Gajewski,,,,CM,https://www.transfermarkt.pl/michal-gajewski/profil/spieler/1043318,,,1992
,,,62ee5493b528c90018ab55bd,PL,,,Filip,,,FAŁSZ,PRAWDA,Sobon,,,,CB,https://www.transfermarkt.pl/filip-sobon/profil/spieler/797965,,,1995
,,,62ee5493b528c90018ab55bd,PL,,,Witold,,,FAŁSZ,PRAWDA,Walkowiak,,,,F,https://www.transfermarkt.pl/witold-walkowiak/profil/spieler/387613,,,1998
,,,62ee5493b528c90018ab55bd,PL,,,Adrian,,176,FAŁSZ,PRAWDA,Chopcia,,,,F,https://www.transfermarkt.pl/adrian-chopcia/profil/spieler/387616,,,1998
,,,62f3623479e4470018ffe1ed,PL,,,Oskar,,184,FAŁSZ,PRAWDA,Rechtziegel,,,,GK,https://www.transfermarkt.pl/oskar-rechtziegel/profil/spieler/447313,,,1996
,,,62f3623479e4470018ffe1ed,PL,,,Lukasz,,,FAŁSZ,PRAWDA,Lewandowski,,,,CB,https://www.transfermarkt.pl/lukasz-lewandowski/profil/spieler/691999,,,2001
,,,62f3623479e4470018ffe1ed,PL,,,Szymon,,,FAŁSZ,PRAWDA,Kurczak,,,,CM,https://www.transfermarkt.pl/szymon-kurczak/profil/spieler/388727,,,1996
,,,61767718954f8a00183f3a7d,PL,,,Szymon,,,FAŁSZ,PRAWDA,Glab,,,,F,https://www.transfermarkt.pl/szymon-glab/profil/spieler/939063,,,
,,,611bf1f6fe16ff48a850e2e9,PL,,,Remigiusz,,,FAŁSZ,PRAWDA,Niedbalski,,,,CB,https://www.transfermarkt.pl/remigiusz-niedbalski/profil/spieler/1053847,,,2004
,,,611bf1f6fe16ff48a850e2e9,PL,,,Mateusz,,180,FAŁSZ,PRAWDA,Jackowski,,,,CM,https://www.transfermarkt.pl/mateusz-jackowski/profil/spieler/1053836,,,2005
,,,611bf1f6fe16ff48a850e2e9,PL,,,Mateusz,,175,FAŁSZ,PRAWDA,Zielinski,,,,CM,https://www.transfermarkt.pl/mateusz-zielinski/profil/spieler/1053846,,,2001
,,,611bf1f6fe16ff48a850e2e9,PL,,,Adrian,,,FAŁSZ,PRAWDA,Wasiak,,,,LM,https://www.transfermarkt.pl/adrian-wasiak/profil/spieler/1053848,,,2001
,,,611bf1f6fe16ff48a850e2e9,PL,,,Alan,,,FAŁSZ,PRAWDA,Klimek,,,,F,https://www.transfermarkt.pl/alan-klimek/profil/spieler/1053849,,,2004
,,,611bf1f6fe16ff48a850e2e5,UA,,,Oleg,R,174,FAŁSZ,PRAWDA,Bazhan,,,,LM,https://www.transfermarkt.pl/oleg-bazhan/profil/spieler/383081,,,1991
,,,611bf1f6fe16ff48a850e2c5,PL,,,Adrian,,,FAŁSZ,PRAWDA,Korbecki,,,,GK,https://www.transfermarkt.pl/adrian-korbecki/profil/spieler/1025638,,,2005
,,,611bf1f6fe16ff48a850e2c5,UA,,,Vladyslav,R,179,FAŁSZ,PRAWDA,Pogorilyi,,,,DM,https://www.transfermarkt.pl/vladyslav-pogorilyi/profil/spieler/730867,,,1998
,,,611f713f22183b00189c9fbd,PL,,,Jakub,,,FAŁSZ,PRAWDA,Wylupek,,,,GK,https://www.transfermarkt.pl/jakub-wylupek/profil/spieler/862088,,,2000
,,,611f713f22183b00189c9fbd,UA,,,Nazar,R,179,FAŁSZ,PRAWDA,Melnychuk,,,,LB,https://www.transfermarkt.pl/nazar-melnychuk/profil/spieler/391342,,,1995
,,,611f713f22183b00189c9fbd,PL,,,Sebastian,,,FAŁSZ,PRAWDA,Lapinski,,,,LB,https://www.transfermarkt.pl/sebastian-lapinski/profil/spieler/867561,,,2003
,,,611f713f22183b00189c9fbd,PL,,,Adrian,,,FAŁSZ,PRAWDA,Gierowski,,,,LB,https://www.transfermarkt.pl/adrian-gierowski/profil/spieler/797165,,,1997
,,,611f713f22183b00189c9fbd,PL,,,Oliwer,,,FAŁSZ,PRAWDA,Maziarka,,,,CM,https://www.transfermarkt.pl/oliwer-maziarka/profil/spieler/862045,,,2002
,,,611f713f22183b00189c9fbd,PL,,,Bartlomiej,,,FAŁSZ,PRAWDA,Sienkiewicz,,,,CM,https://www.transfermarkt.pl/bartlomiej-sienkiewicz/profil/spieler/863134,,,1998
,,,611f713f22183b00189c9fbd,PL,,,Piotr,,184,FAŁSZ,PRAWDA,Dajos,,,,CM,https://www.transfermarkt.pl/piotr-dajos/profil/spieler/749873,,,1997
,,,611f713f22183b00189c9fbd,UA,,,Mykhaylo,,180,FAŁSZ,PRAWDA,Kaznokha,,,,CAM,https://www.transfermarkt.pl/mykhaylo-kaznokha/profil/spieler/451854,,,1989
,,,611f713f22183b00189c9fbd,UA,,,Sergiy,R,178,FAŁSZ,PRAWDA,Kravchenko,,,,F,https://www.transfermarkt.pl/sergiy-kravchenko/profil/spieler/155431,,,1990
,,,611f713f22183b00189c9fbd,PL,,,Kacper,,180,FAŁSZ,PRAWDA,Nastalek,,,,F,https://www.transfermarkt.pl/kacper-nastalek/profil/spieler/563038,,,1999
,,,611f713f22183b00189c9fbd,PL,,,Krystian,,170,FAŁSZ,PRAWDA,Szura,,,,CM,https://www.transfermarkt.pl/krystian-szura/profil/spieler/865019,,,1992
,,,611f713f22183b00189c9fbd,PL,,,Przemyslaw,,175,FAŁSZ,PRAWDA,Galka,,,,F,https://www.transfermarkt.pl/przemyslaw-galka/profil/spieler/279693,,,1979
,,,611f713f22183b00189c9fbd,PL,,,Mateusz,,,FAŁSZ,PRAWDA,Wojcik,,,,F,https://www.transfermarkt.pl/mateusz-wojcik/profil/spieler/514526,,,1999
,,,6066b90c7357180017922a22,PL,,,Damian,R,194,FAŁSZ,PRAWDA,Podlesny,,,,GK,https://www.transfermarkt.pl/damian-podlesny/profil/spieler/236914,,,1995
,,,6066b90c7357180017922a22,PL,,,Bartlomiej,,,FAŁSZ,PRAWDA,Tutaj,,,,GK,https://www.transfermarkt.pl/bartlomiej-tutaj/profil/spieler/823631,,,2004
,,,6066b90c7357180017922a22,PL,,,Jakub,,183,FAŁSZ,PRAWDA,Nieweglowski,,,,CB,https://www.transfermarkt.pl/jakub-nieweglowski/profil/spieler/521560,,,1993
,,,6066b90c7357180017922a22,PL,,,Mateusz,,,FAŁSZ,PRAWDA,Bednarczyk,,,,CM,https://www.transfermarkt.pl/mateusz-bednarczyk/profil/spieler/836994,,,2004
,,,6066b90c7357180017922a22,PL,,,Bartosz,,,FAŁSZ,PRAWDA,Duda,,,,CM,https://www.transfermarkt.pl/bartosz-duda/profil/spieler/809536,,,2001
,,,6066b90c7357180017922a22,PL,,,Wojciech,,185,FAŁSZ,PRAWDA,Majewski,,,,CM,https://www.transfermarkt.pl/wojciech-majewski/profil/spieler/799143,,,1998
,,,6066b90c7357180017922a22,PL,,,Filip,,,FAŁSZ,PRAWDA,Michalow,,,,RM,https://www.transfermarkt.pl/filip-michalow/profil/spieler/799142,,,2000
,,,6066b90c7357180017922a22,PL,,,Aleks,,182,FAŁSZ,PRAWDA,Aftyka,,,,F,https://www.transfermarkt.pl/aleks-aftyka/profil/spieler/463538,,,1998
,,,6066b90c7357180017922a22,PL,,,Bartlomiej,,,FAŁSZ,PRAWDA,Koneczny,,,,CM,https://www.transfermarkt.pl/bartlomiej-koneczny/profil/spieler/658156,,,1998
,,,,PL,,,Grzegorz,,186,FAŁSZ,PRAWDA,Silczuk,,,,CB,https://www.transfermarkt.pl/grzegorz-silczuk/profil/spieler/491091,,,1996
,,,,PL,,,Rafal,R,192,FAŁSZ,PRAWDA,Grodzicki,,,,CB,https://www.transfermarkt.pl/rafal-grodzicki/profil/spieler/37408,,,1983
,,,,PL,,,Krzysztof,,187,FAŁSZ,PRAWDA,Michalec,,,,CB,https://www.transfermarkt.pl/krzysztof-michalec/profil/spieler/524497,,,1989
,,,,PL,,,Dawid,,,FAŁSZ,PRAWDA,Serafin,,,,CM,https://www.transfermarkt.pl/dawid-serafin/profil/spieler/809326,,,1997
,,,,PL,,,Mateusz,,180,FAŁSZ,PRAWDA,Majcherczyk,,,,CM,https://www.transfermarkt.pl/mateusz-majcherczyk/profil/spieler/452510,,,1989
,,,,PL,,,Piotr,,177,FAŁSZ,PRAWDA,Powroznik,,,,CM,https://www.transfermarkt.pl/piotr-powroznik/profil/spieler/80780,,,1976
,,,,PL,,,Michal,,,FAŁSZ,PRAWDA,Slaski,,,,CM,https://www.transfermarkt.pl/michal-slaski/profil/spieler/868626,,,1997
,,,,PL,,,Mateusz,,,FAŁSZ,PRAWDA,Ferenc,,,,CM,https://www.transfermarkt.pl/mateusz-ferenc/profil/spieler/699070,,,2002
,,,,PL,,,Maciej,R,180,FAŁSZ,PRAWDA,Zielinski,,,,DM,https://www.transfermarkt.pl/maciej-zielinski/profil/spieler/278380,,,1993
,,,,PL,,,Beniamin,L,187,FAŁSZ,PRAWDA,Jez,,,,CM,https://www.transfermarkt.pl/beniamin-jez/profil/spieler/356754,,,1997
,,,,PL,,,Bartosz,L,173,FAŁSZ,PRAWDA,Koziel,,,,LM,https://www.transfermarkt.pl/bartosz-koziel/profil/spieler/92596,,,1989
,,,,PL,,,Dawid,both,165,FAŁSZ,PRAWDA,Litewka,,,,LM,https://www.transfermarkt.pl/dawid-litewka/profil/spieler/696031,,,1992
,,,,PL,,,Maciej,R,180,FAŁSZ,PRAWDA,Balawender,,,,CAM,https://www.transfermarkt.pl/maciej-balawender/profil/spieler/264624,,,1993
,,,,PL,,,Karol,,,FAŁSZ,PRAWDA,Pietrzyk,,,,F,https://www.transfermarkt.pl/karol-pietrzyk/profil/spieler/696003,,,2001
,,,,PL,,,Michal,,186,FAŁSZ,PRAWDA,Ilinski,,,,GK,https://www.transfermarkt.pl/michal-ilinski/profil/spieler/696002,,,1985
,,,,PL,,,Adrian,,184,FAŁSZ,PRAWDA,Wojcicki,,,,GK,https://www.transfermarkt.pl/adrian-wojcicki/profil/spieler/374195,,,1996
,,,,PL,,,Mateusz,,,FAŁSZ,PRAWDA,Wojcicki,,,,GK,https://www.transfermarkt.pl/mateusz-wojcicki/profil/spieler/659698,,,2001
,,,,PL,,,Jakub,R,182,FAŁSZ,PRAWDA,Gajewski,,,,RB,https://www.transfermarkt.pl/jakub-gajewski/profil/spieler/605611,,,1999
,,,,PL,,,Adrian,,,FAŁSZ,PRAWDA,Kisiel,,,,CM,https://www.transfermarkt.pl/adrian-kisiel/profil/spieler/658117,,,2001
,,,,PL,,,Krystian,,173,FAŁSZ,PRAWDA,Pietrzyk,,,,CM,https://www.transfermarkt.pl/krystian-pietrzyk/profil/spieler/818697,,,2004
,,,,PL,,,Kacper,,184,FAŁSZ,PRAWDA,Wojtowicz,,,,CM,https://www.transfermarkt.pl/kacper-wojtowicz/profil/spieler/670510,,,2002
,,,,PL,,,Michal,,182,FAŁSZ,PRAWDA,Misiak,,,,DM,https://www.transfermarkt.pl/michal-misiak/profil/spieler/396848,,,1997
,,,,PL,,,Jakub,,181,FAŁSZ,PRAWDA,Buczek,,,,DM,https://www.transfermarkt.pl/jakub-buczek/profil/spieler/407874,,,1999
,,,,PL,,,Dariusz,,,FAŁSZ,PRAWDA,Cygan,,,,RM,https://www.transfermarkt.pl/dariusz-cygan/profil/spieler/695633,,,2000
,,,,PL,,,Mateusz,,,FAŁSZ,PRAWDA,Latosiewicz,,,,F,https://www.transfermarkt.pl/mateusz-latosiewicz/profil/spieler/825734,,,2005
,,,,PL,,,Mikolaj,,,FAŁSZ,PRAWDA,Majewski,,,,F,https://www.transfermarkt.pl/mikolaj-majewski/profil/spieler/837025,,,2005
,,,,PL,,,Pawel,R,172,FAŁSZ,PRAWDA,Zieba,,,,F/W,https://www.transfermarkt.pl/pawel-zieba/profil/spieler/286345,,,1994
,,,,PL,,,Maciej,,,FAŁSZ,PRAWDA,Poleszak,,,,GK,https://www.transfermarkt.pl/maciej-poleszak/profil/spieler/674759,,,2002
,,,,PL,,,Damian,,190,FAŁSZ,PRAWDA,Pietron,,,,CB,https://www.transfermarkt.pl/damian-pietron/profil/spieler/605613,,,1983
,,,,UA,,,Anton,R,179,FAŁSZ,PRAWDA,Lutsyk,,,,RM,https://www.transfermarkt.pl/anton-lutsyk/profil/spieler/60717,,,1987
,,,,PL,,,Filip,,174,FAŁSZ,PRAWDA,Drozd,,,,F,https://www.transfermarkt.pl/filip-drozd/profil/spieler/605612,,,1991
,,,,PL,,,Kamil,R,193,FAŁSZ,PRAWDA,Krol,,,,F,https://www.transfermarkt.pl/kamil-krol/profil/spieler/29942,,,1987
,,,,PL,,,Pawel,,,FAŁSZ,PRAWDA,Debosz,,,,GK,https://www.transfermarkt.pl/pawel-debosz/profil/spieler/820891,,,2004
,,,,PL,,,Eryk,,,FAŁSZ,PRAWDA,Dudek,,,,GK,https://www.transfermarkt.pl/eryk-dudek/profil/spieler/826798,,,2004
,,,,PL,,,Aleks,,,FAŁSZ,PRAWDA,Lesniak,,,,CM,https://www.transfermarkt.pl/aleks-lesniak/profil/spieler/676599,,,2002
,,,611bf1f6fe16ff48a850e2f0,PL,,,Damian,,,FAŁSZ,PRAWDA,Wroblewski,,,,GK,https://www.transfermarkt.pl/damian-wroblewski/profil/spieler/502755,,,1997
,,,611bf1f6fe16ff48a850e2f0,PL,,,Mateusz,,183,FAŁSZ,PRAWDA,Ruszczyk,,,,RB,https://www.transfermarkt.pl/mateusz-ruszczyk/profil/spieler/610836,,,2000
,,,611bf1f6fe16ff48a850e2f0,PL,,,Adam,R,170,FAŁSZ,PRAWDA,Pomian,,,,CM,https://www.transfermarkt.pl/adam-pomian/profil/spieler/196409,,,1991
,,,611bf1f6fe16ff48a850e2f0,PL,,,Tomasz,,,FAŁSZ,PRAWDA,Rytelewski,,,,CM,https://www.transfermarkt.pl/tomasz-rytelewski/profil/spieler/502759,,,1998
,,,611bf1f6fe16ff48a850e2f0,PL,,,Mateusz,,,FAŁSZ,PRAWDA,Szafran,,,,CM,https://www.transfermarkt.pl/mateusz-szafran/profil/spieler/1004809,,,2004
,,,611bf1f6fe16ff48a850e2f0,PL,,,Lukasz,,,FAŁSZ,PRAWDA,Kubrak,,,,CM,https://www.transfermarkt.pl/lukasz-kubrak/profil/spieler/985277,,,2003
,,,611bf1f6fe16ff48a850e2f0,PL,,,Pawel,,,FAŁSZ,PRAWDA,Stasinski,,,,F,https://www.transfermarkt.pl/pawel-stasinski/profil/spieler/1038632,,,1993
,,,611bf1f6fe16ff48a850e325,PL,,,Bartlomiej,R,180,FAŁSZ,PRAWDA,Lisowski,,,,RB,https://www.transfermarkt.pl/bartlomiej-lisowski/profil/spieler/597264,,,2001
,,,611bf1f6fe16ff48a850e325,PL,,,Mikolaj,,181,FAŁSZ,PRAWDA,Bociek,,,,CM,https://www.transfermarkt.pl/mikolaj-bociek/profil/spieler/439991,,,1996
,,,611bf1f6fe16ff48a850e325,PL,,,Tomasz,,,FAŁSZ,PRAWDA,Bakowicz,,,,F,https://www.transfermarkt.pl/tomasz-bakowicz/profil/spieler/597633,,,2000
,,,,PL,,,Bartosz,,191,FAŁSZ,PRAWDA,Ryngwelski,,,,GK,https://www.transfermarkt.pl/bartosz-ryngwelski/profil/spieler/381677,,,1999
,,,,PL,,,Lukasz,,,FAŁSZ,PRAWDA,Pupka-Lipinski,,,,GK,https://www.transfermarkt.pl/lukasz-pupka-lipinski/profil/spieler/563315,,,1998
,,,,PL,,,Radoslaw,R,180,FAŁSZ,PRAWDA,Reglinski,,,,RB,https://www.transfermarkt.pl/radoslaw-reglinski/profil/spieler/524639,,,1997
,,,,UA,,,Volodymyr,,,FAŁSZ,PRAWDA,Kaydrovych,,,,CM,https://www.transfermarkt.pl/volodymyr-kaydrovych/profil/spieler/321256,,,1993
,,,,PL,,,Krzysztof,,172,FAŁSZ,PRAWDA,Kropidlowski,,,,CM,https://www.transfermarkt.pl/krzysztof-kropidlowski/profil/spieler/563322,,,1999
,,,,PL,,,Patryk,,183,FAŁSZ,PRAWDA,Wolski,,,,CM,https://www.transfermarkt.pl/patryk-wolski/profil/spieler/563324,,,1999
,,,,PL,,,Maciej,,182,FAŁSZ,PRAWDA,Blaszkowski,,,,CM,https://www.transfermarkt.pl/maciej-blaszkowski/profil/spieler/500119,,,1999
,,,,PL,,,Bartosz,,,FAŁSZ,PRAWDA,Wolski,,,,CM,https://www.transfermarkt.pl/bartosz-wolski/profil/spieler/869256,,,2002
,,,,PL,,,Adam,,182,FAŁSZ,PRAWDA,Szmidke,,,,CM,https://www.transfermarkt.pl/adam-szmidke/profil/spieler/711167,,,2002
,,,,PL,,,Bartlomiej,,180,FAŁSZ,PRAWDA,Chojnacki,,,,F,https://www.transfermarkt.pl/bartlomiej-chojnacki/profil/spieler/328488,,,1995
,,,,PL,,,Kamil,R,170,FAŁSZ,PRAWDA,Sikora,,,,F/W,https://www.transfermarkt.pl/kamil-sikora/profil/spieler/534955,,,2001
,,,,PL,,,Bartosz,,,FAŁSZ,PRAWDA,Barczyk,,,,GK,https://www.transfermarkt.pl/bartosz-barczyk/profil/spieler/824004,,,2003
,,,,PL,,,Aleksander,,190,FAŁSZ,PRAWDA,Folmert,,,,CB,https://www.transfermarkt.pl/aleksander-folmert/profil/spieler/798121,,,2001
,,,,PL,,,Konrad,,174,FAŁSZ,PRAWDA,Warminski,,,,CM,https://www.transfermarkt.pl/konrad-warminski/profil/spieler/704461,,,2001
,,,,PL,,,Mateusz,R,188,FAŁSZ,PRAWDA,Tomaszewski,,,,CM,https://www.transfermarkt.pl/mateusz-tomaszewski/profil/spieler/805833,,,2000
,,,,PL,,,Olaf,,,FAŁSZ,PRAWDA,Sobik,,,,CM,https://www.transfermarkt.pl/olaf-sobik/profil/spieler/872406,,,2005
,,,,PL,,,Lukasz,,178,FAŁSZ,PRAWDA,Krakowczyk,,,,F,https://www.transfermarkt.pl/lukasz-krakowczyk/profil/spieler/453947,,,1998
,,,,PL,,,Bartosz,both,177,FAŁSZ,PRAWDA,Kunat,,,,RB,https://www.transfermarkt.pl/bartosz-kunat/profil/spieler/462291,,,1999
,,,,PL,,,Michal,,180,FAŁSZ,PRAWDA,Pieczka,,,,CM,https://www.transfermarkt.pl/michal-pieczka/profil/spieler/566009,,,1987
,,,,PL,,,Nikodem,,,FAŁSZ,PRAWDA,Juraszczyk,,,,F,https://www.transfermarkt.pl/nikodem-juraszczyk/profil/spieler/901483,,,2005
,,,611bf1f6fe16ff48a850e2d6,PL,,,Szymon,,,FAŁSZ,PRAWDA,Janiuk,,,,GK,https://www.transfermarkt.pl/szymon-janiuk/profil/spieler/836372,,,1995
,,,611bf1f6fe16ff48a850e2d6,PL,,,Mateusz,,,FAŁSZ,PRAWDA,Fitas,,,,CB,https://www.transfermarkt.pl/mateusz-fitas/profil/spieler/731868,,,1992
,,,611bf1f6fe16ff48a850e2d6,UA,,,Vasyl,R,180,FAŁSZ,PRAWDA,Pasichnyk,,,,F/W,https://www.transfermarkt.pl/vasyl-pasichnyk/profil/spieler/496806,,,1999
,,,611bf1f6fe16ff48a850e2d6,UA,,,Nikita,L,175,FAŁSZ,PRAWDA,Push,,,,RM,https://www.transfermarkt.pl/nikita-push/profil/spieler/790235,,,2001
,,,60d9ecb88ad5dc0017a48ed6,PL,,,Bartlomiej,,,FAŁSZ,PRAWDA,Kot,,,,GK,https://www.transfermarkt.pl/bartlomiej-kot/profil/spieler/798122,,,1995
,,,60d9ecb88ad5dc0017a48ed6,PL,,,Bartosz,,,FAŁSZ,PRAWDA,Dolinski,,,,GK,https://www.transfermarkt.pl/bartosz-dolinski/profil/spieler/798126,,,2003
,,,60d9ecb88ad5dc0017a48ed6,UA,,,Andriy,,,FAŁSZ,PRAWDA,Kozachenko,,,,CB,https://www.transfermarkt.pl/andriy-kozachenko/profil/spieler/799838,,,1991
,,,60d9ecb88ad5dc0017a48ed6,PL,,,Patryk,,,FAŁSZ,PRAWDA,Salamon,,,,CB,https://www.transfermarkt.pl/patryk-salamon/profil/spieler/798128,,,1992
,,,60d9ecb88ad5dc0017a48ed6,PL,,,Damian,,,FAŁSZ,PRAWDA,Kasprzak,,,,CB,https://www.transfermarkt.pl/damian-kasprzak/profil/spieler/608715,,,2001
,,,60d9ecb88ad5dc0017a48ed6,PL,,,Patryk,R,176,FAŁSZ,PRAWDA,Paszkowski,,,,LB,https://www.transfermarkt.pl/patryk-paszkowski/profil/spieler/450132,,,1995
,,,60d9ecb88ad5dc0017a48ed6,PL,,,Sebastian,,182,FAŁSZ,PRAWDA,Bialasik,,,,CM,https://www.transfermarkt.pl/sebastian-bialasik/profil/spieler/457394,,,1998
,,,60d9ecb88ad5dc0017a48ed6,PL,,,Grzegorz,L,186,FAŁSZ,PRAWDA,Borowy,,,,CM,https://www.transfermarkt.pl/grzegorz-borowy/profil/spieler/496895,,,1989
,,,60d9ecb88ad5dc0017a48ed6,PL,,,Robert,,,FAŁSZ,PRAWDA,Myrta,,,,F,https://www.transfermarkt.pl/robert-myrta/profil/spieler/447460,,,1997
,,,60d9ecb88ad5dc0017a48ed6,PL,,,Jakub,,,FAŁSZ,PRAWDA,Filipczak,,,,F,https://www.transfermarkt.pl/jakub-filipczak/profil/spieler/798127,,,2001
,,,60d9ecb88ad5dc0017a48ed6,PL,,,Mikolaj,,170,FAŁSZ,PRAWDA,Kotfas,,,,F,https://www.transfermarkt.pl/mikolaj-kotfas/profil/spieler/385840,,,1997
,,,,PL,,,Wiktor,both,188,FAŁSZ,PRAWDA,Beska,,,,GK,https://www.transfermarkt.pl/wiktor-beska/profil/spieler/385209,,,1998
,,,,PL,,,Jakub,,,FAŁSZ,PRAWDA,Wozniak,,,,GK,https://www.transfermarkt.pl/jakub-wozniak/profil/spieler/633158,,,2001
,,,,PL,,,Filip,,,FAŁSZ,PRAWDA,Budasz,,,,GK,https://www.transfermarkt.pl/filip-budasz/profil/spieler/822026,,,2004
,,,,PL,,,Mikolaj,,,FAŁSZ,PRAWDA,Rogowicz,,,,CB,https://www.transfermarkt.pl/mikolaj-rogowicz/profil/spieler/872480,,,2004
,,,,PL,,,Michal,R,193,FAŁSZ,PRAWDA,Steinke,,,,CB,https://www.transfermarkt.pl/michal-steinke/profil/spieler/56672,,,1988
,,,,PL,,,Robert,R,,FAŁSZ,PRAWDA,Peplinski,,,,CB,https://www.transfermarkt.pl/robert-peplinski/profil/spieler/870273,,,1994
,,,,PL,,,Dawid,R,,FAŁSZ,PRAWDA,Urbaniak,,,,CB,https://www.transfermarkt.pl/dawid-urbaniak/profil/spieler/609333,,,1998
,,,,PL,,,Damian,R,181,FAŁSZ,PRAWDA,Garstka,,,,LB,https://www.transfermarkt.pl/damian-garstka/profil/spieler/684068,,,1996
,,,,PL,,,Michal,R,,FAŁSZ,PRAWDA,Mol,,,,RB,https://www.transfermarkt.pl/michal-mol/profil/spieler/746329,,,2001
,,,,PL,,,Aleksander,R,,FAŁSZ,PRAWDA,Pawlak,,,,RB,https://www.transfermarkt.pl/aleksander-pawlak/profil/spieler/818616,,,2000
,,,,PL,,,Milosz,,,FAŁSZ,PRAWDA,Wilkosz,,,,CM,https://www.transfermarkt.pl/milosz-wilkosz/profil/spieler/872479,,,2005
,,,,PL,,,Jakub,,,FAŁSZ,PRAWDA,Rejniak,,,,CM,https://www.transfermarkt.pl/jakub-rejniak/profil/spieler/870274,,,2004
,,,,PL,,,Dawid,R,179,FAŁSZ,PRAWDA,Radomski,,,,DM,https://www.transfermarkt.pl/dawid-radomski/profil/spieler/240562,,,1994
,,,,PL,,,Milosz,,,FAŁSZ,PRAWDA,Wachon,,,,DM,https://www.transfermarkt.pl/milosz-wachon/profil/spieler/870275,,,2002
,,,,PL,,,Milosz,R,174,FAŁSZ,PRAWDA,Brylewski,,,,DM,https://www.transfermarkt.pl/milosz-brylewski/profil/spieler/450315,,,1996
,,,,PL,,,Szymon,R,,FAŁSZ,PRAWDA,Klimacki,,,,DM,https://www.transfermarkt.pl/szymon-klimacki/profil/spieler/798383,,,2001
,,,,PL,,,Tomasz,R,185,FAŁSZ,PRAWDA,Bzdega,,,,CM,https://www.transfermarkt.pl/tomasz-bzdega/profil/spieler/69211,,,1985
,,,,PL,,,Filip,R,180,FAŁSZ,PRAWDA,Fiborek,,,,CM,https://www.transfermarkt.pl/filip-fiborek/profil/spieler/529524,,,2000
,,,,PL,,,Jakub,R,,FAŁSZ,PRAWDA,Ziola,,,,RM,https://www.transfermarkt.pl/jakub-ziola/profil/spieler/872478,,,2003
,,,,PL,,,Nikodem,,,FAŁSZ,PRAWDA,Szocinski,,,,RM,https://www.transfermarkt.pl/nikodem-szocinski/profil/spieler/798386,,,2003
,,,,PL,,,Krzysztof,R,171,FAŁSZ,PRAWDA,Wolkiewicz,,,,LM,https://www.transfermarkt.pl/krzysztof-wolkiewicz/profil/spieler/129969,,,1991
,,,,PL,,,Hubert,R,,FAŁSZ,PRAWDA,Walerjanczyk,,,,CAM,https://www.transfermarkt.pl/hubert-walerjanczyk/profil/spieler/699936,,,2002
,,,,PL,,,Jan,R,,FAŁSZ,PRAWDA,Karski,,,,CAM,https://www.transfermarkt.pl/jan-karski/profil/spieler/872477,,,2001
,,,,PL,,,Jakub,R,,FAŁSZ,PRAWDA,Hoffmann,,,,F/W,https://www.transfermarkt.pl/jakub-hoffmann/profil/spieler/608620,,,1999
,,,,PL,,,Mieszko,,,FAŁSZ,PRAWDA,Sawicki,,,,F/W,https://www.transfermarkt.pl/mieszko-sawicki/profil/spieler/798388,,,2004
,,,,PL,,,Tomasz,,,FAŁSZ,PRAWDA,Kazmierczak,,,,F,https://www.transfermarkt.pl/tomasz-kazmierczak/profil/spieler/595274,,,1998
,,,,PL,,,Kacper,R,,FAŁSZ,PRAWDA,Zimmer,,,,F,https://www.transfermarkt.pl/kacper-zimmer/profil/spieler/702757,,,2002
,,,,PL,,,Nikodem,,186,FAŁSZ,PRAWDA,Matuszak,,,,F,https://www.transfermarkt.pl/nikodem-matuszak/profil/spieler/798381,,,2003
,,,,UA,,,Kyrylo,,190,FAŁSZ,PRAWDA,Vanyukov,,,,GK,https://www.transfermarkt.pl/kyrylo-vanyukov/profil/spieler/392097,,,1994
,,,,PL,,,Jakub,,,FAŁSZ,PRAWDA,Radwanski,,,,GK,https://www.transfermarkt.pl/jakub-radwanski/profil/spieler/822024,,,2005
,,,,PL,,,Ksawery,,,FAŁSZ,PRAWDA,Szymczak,,,,GK,https://www.transfermarkt.pl/ksawery-szymczak/profil/spieler/870259,,,2002
,,,,PL,,,Andrzej,,,FAŁSZ,PRAWDA,Gorski,,,,CB,https://www.transfermarkt.pl/andrzej-gorski/profil/spieler/525205,,,1995
,,,,PL,,,Filip,,,FAŁSZ,PRAWDA,Stozek,,,,CB,https://www.transfermarkt.pl/filip-stozek/profil/spieler/662384,,,2000
,,,,PL,,,Bartosz,,190,FAŁSZ,PRAWDA,Zakrzewski,,,,CB,https://www.transfermarkt.pl/bartosz-zakrzewski/profil/spieler/348187,,,1998
,,,,PL,,,Jakub,R,,FAŁSZ,PRAWDA,Plucinski,,,,CB,https://www.transfermarkt.pl/jakub-plucinski/profil/spieler/798217,,,2003
,,,,PL,,,Damian,L,178,FAŁSZ,PRAWDA,Scibiorek,,,,LB,https://www.transfermarkt.pl/damian-scibiorek/profil/spieler/385054,,,1998
,,,,PL,,,Emil,,181,FAŁSZ,PRAWDA,Wiecek,,,,CM,https://www.transfermarkt.pl/emil-wiecek/profil/spieler/606241,,,1996
,,,,PL,,,Fabian,,,FAŁSZ,PRAWDA,Sieradzki,,,,CM,https://www.transfermarkt.pl/fabian-sieradzki/profil/spieler/798216,,,2004
,,,,UA,,,Danylo,,,FAŁSZ,PRAWDA,Demyanenko,,,,CM,https://www.transfermarkt.pl/danylo-demyanenko/profil/spieler/911475,,,2001
,,,,PL,,,Tomasz,,,FAŁSZ,PRAWDA,Slowinski,,,,CM,https://www.transfermarkt.pl/tomasz-slowinski/profil/spieler/751048,,,2003
,,,,PL,,,Aleks,,172,FAŁSZ,PRAWDA,Sieradzki,,,,CM,https://www.transfermarkt.pl/aleks-sieradzki/profil/spieler/392808,,,1997
,,,,PL,,,Kacper,,180,FAŁSZ,PRAWDA,Babacz,,,,F,https://www.transfermarkt.pl/kacper-babacz/profil/spieler/836958,,,2004
,,,606c795b1302fd0017b69156,PL,,,Aleksander,R,187,FAŁSZ,PRAWDA,Sobczak,,,,GK,https://www.transfermarkt.pl/aleksander-sobczak/profil/spieler/798312,,,2003
,,,606c795b1302fd0017b69156,PL,,,Olgierd,,,FAŁSZ,PRAWDA,Paska,,,,GK,https://www.transfermarkt.pl/olgierd-paska/profil/spieler/831093,,,2004
,,,606c795b1302fd0017b69156,PL,,,Kacper,,190,FAŁSZ,PRAWDA,Gajdemski,,,,GK,https://www.transfermarkt.pl/kacper-gajdemski/profil/spieler/447242,,,1998
,,,606c795b1302fd0017b69156,PL,,,Patryk,,187,FAŁSZ,PRAWDA,Brzozowski,,,,GK,https://www.transfermarkt.pl/patryk-brzozowski/profil/spieler/375676,,,1997
,,,606c795b1302fd0017b69156,PL,,,Maciej,,,FAŁSZ,PRAWDA,Paprocki,,,,CB,https://www.transfermarkt.pl/maciej-paprocki/profil/spieler/531479,,,2000
,,,606c795b1302fd0017b69156,PL,,,Mateusz,,,FAŁSZ,PRAWDA,Palej,,,,CB,https://www.transfermarkt.pl/mateusz-palej/profil/spieler/808661,,,2002
,,,606c795b1302fd0017b69156,PL,,,Adam,,,FAŁSZ,PRAWDA,Dyczewski,,,,CB,https://www.transfermarkt.pl/adam-dyczewski/profil/spieler/872426,,,2004
,,,606c795b1302fd0017b69156,PL,,,Jakub,,,FAŁSZ,PRAWDA,Dymitrowski,,,,CB,https://www.transfermarkt.pl/jakub-dymitrowski/profil/spieler/797967,,,2001
,,,606c795b1302fd0017b69156,PT,,,Martin,R,174,FAŁSZ,PRAWDA,Trigo,,,,RB,https://www.transfermarkt.pl/martin-trigo/profil/spieler/797991,,,2001
,,,606c795b1302fd0017b69156,PL,,,Oskar,R,173,FAŁSZ,PRAWDA,Klimkowicz,,,,RB,https://www.transfermarkt.pl/oskar-klimkowicz/profil/spieler/692003,,,1996
,,,606c795b1302fd0017b69156,PL,,,Dawid,,,FAŁSZ,PRAWDA,Drumlak,,,,CM,https://www.transfermarkt.pl/dawid-drumlak/profil/spieler/875455,,,2002
,,,606c795b1302fd0017b69156,PL,,,Konrad,,,FAŁSZ,PRAWDA,Data,,,,CM,https://www.transfermarkt.pl/konrad-data/profil/spieler/514805,,,1999
,,,606c795b1302fd0017b69156,PL,,,Michal,,,FAŁSZ,PRAWDA,Roszczyk,,,,DM,https://www.transfermarkt.pl/michal-roszczyk/profil/spieler/797974,,,2003
,,,606c795b1302fd0017b69156,PL,,,Mateusz,,166,FAŁSZ,PRAWDA,Jakubiak,,,,DM,https://www.transfermarkt.pl/mateusz-jakubiak/profil/spieler/797968,,,1989
,,,606c795b1302fd0017b69156,PL,,,Michal,R,,FAŁSZ,PRAWDA,Grzeslo,,,,DM,https://www.transfermarkt.pl/michal-grzeslo/profil/spieler/799818,,,1999
,,,606c795b1302fd0017b69156,PL,,,Michal,,,FAŁSZ,PRAWDA,Korotkiewicz,,,,DM,https://www.transfermarkt.pl/michal-korotkiewicz/profil/spieler/797969,,,2001
,,,606c795b1302fd0017b69156,PL,,,Gracjan,,,FAŁSZ,PRAWDA,Korzec,,,,CM,https://www.transfermarkt.pl/gracjan-korzec/profil/spieler/798225,,,2004
,,,606c795b1302fd0017b69156,MX,,,Steve,R,181,FAŁSZ,PRAWDA,Ze,,,,CM,https://www.transfermarkt.pl/steve-endene-ze/profil/spieler/823456,,,2001
,,,606c795b1302fd0017b69156,PL,,,Dawid,L,,FAŁSZ,PRAWDA,Szala,,,,LM,https://www.transfermarkt.pl/dawid-szala/profil/spieler/797977,,,2003
,,,606c795b1302fd0017b69156,PL,,,Daniel,,,FAŁSZ,PRAWDA,Kowalczyk,,,,CAM,https://www.transfermarkt.pl/daniel-kowalczyk/profil/spieler/699965,,,2002
,,,606c795b1302fd0017b69156,PL,,,Bartlomiej,,,FAŁSZ,PRAWDA,Bialek,,,,CAM,https://www.transfermarkt.pl/bartlomiej-bialek/profil/spieler/797992,,,1999
,,,606c795b1302fd0017b69156,PL,,,Dominik,,,FAŁSZ,PRAWDA,Dabrowski,,,,F/W,https://www.transfermarkt.pl/dominik-dabrowski/profil/spieler/797966,,,2001
,,,606c795b1302fd0017b69156,PL,,,Natan,,,FAŁSZ,PRAWDA,Konik,,,,F/W,https://www.transfermarkt.pl/natan-konik/profil/spieler/705839,,,2002
,,,606c795b1302fd0017b69156,PL,,,Sebastian,,188,FAŁSZ,PRAWDA,Rudnik,,,,F,https://www.transfermarkt.pl/sebastian-rudnik/profil/spieler/698638,,,1990
,,,606c795b1302fd0017b69156,PL,,,Michal,,181,FAŁSZ,PRAWDA,Chyrek,,,,F,https://www.transfermarkt.pl/michal-chyrek/profil/spieler/455269,,,1996
,,,611bf1f6fe16ff48a850e2a8,PL,,,Piotr,R,186,FAŁSZ,PRAWDA,Ostrowski,,,,GK,https://www.transfermarkt.pl/piotr-ostrowski/profil/spieler/983150,,,2002
,,,611bf1f6fe16ff48a850e2a8,PL,,,Lukasz,R,199,FAŁSZ,PRAWDA,Stasiak,,,,F,https://www.transfermarkt.pl/lukasz-stasiak/profil/spieler/44071,,,1986
,,,,PL,,,Adrian,,195,FAŁSZ,PRAWDA,Hartleb,,,,GK,https://www.transfermarkt.pl/adrian-hartleb/profil/spieler/445729,,,1983
,,,,PL,,,Mariusz,R,197,FAŁSZ,PRAWDA,Rzepecki,,,,GK,https://www.transfermarkt.pl/mariusz-rzepecki/profil/spieler/29534,,,1984
,,,,PL,,,Adrian,,,FAŁSZ,PRAWDA,Pytlewski,,,,CB,https://www.transfermarkt.pl/adrian-pytlewski/profil/spieler/798108,,,2000
,,,,PL,,,Jakub,,,FAŁSZ,PRAWDA,Czyzewski,,,,CB,https://www.transfermarkt.pl/jakub-czyzewski/profil/spieler/570438,,,2000
,,,,PL,,,Daniel,,184,FAŁSZ,PRAWDA,Wojciechowski,,,,CB,https://www.transfermarkt.pl/daniel-wojciechowski/profil/spieler/268098,,,1988
,,,,PL,,,Krystian,R,,FAŁSZ,PRAWDA,Krauze,,,,CB,https://www.transfermarkt.pl/krystian-krauze/profil/spieler/606923,,,1994
,,,,PL,,,Bartosz,R,180,FAŁSZ,PRAWDA,Maciag,,,,LB,https://www.transfermarkt.pl/bartosz-maciag/profil/spieler/254966,,,1996
,,,,PL,,,Fabian,R,,FAŁSZ,PRAWDA,Walaszczyk,,,,RB,https://www.transfermarkt.pl/fabian-walaszczyk/profil/spieler/496251,,,1999
,,,,PL,,,Mateusz,R,182,FAŁSZ,PRAWDA,Bachleda,,,,RB,https://www.transfermarkt.pl/mateusz-bachleda/profil/spieler/570439,,,2000
,,,,PL,,,Daniel,R,180,FAŁSZ,PRAWDA,Chyla,,,,DM,https://www.transfermarkt.pl/daniel-chyla/profil/spieler/104208,,,1988
,,,,PL,,,Dawid,R,174,FAŁSZ,PRAWDA,Rybacki,,,,CAM,https://www.transfermarkt.pl/dawid-rybacki/profil/spieler/691448,,,2001
,,,,PL,,,Marcin,,,FAŁSZ,PRAWDA,Dubielewicz,,,,F,https://www.transfermarkt.pl/marcin-dubielewicz/profil/spieler/703911,,,2001
,,,,PL,,,Marcel,,,FAŁSZ,PRAWDA,Ziemann,,,,F/W,https://www.transfermarkt.pl/marcel-ziemann/profil/spieler/529420,,,2000
,,,,PL,,,Cezary,,,FAŁSZ,PRAWDA,Zalewski,,,,F,https://www.transfermarkt.pl/cezary-zalewski/profil/spieler/801938,,,2002
,,,607685b663f01a0017495606,PL,,,Patryk,,188,FAŁSZ,PRAWDA,Lagodzinski,,,,GK,https://www.transfermarkt.pl/patryk-lagodzinski/profil/spieler/491321,,,1995
,,,607685b663f01a0017495606,PL,,,Michal,R,181,FAŁSZ,PRAWDA,Gruszka,,,,CB,https://www.transfermarkt.pl/michal-gruszka/profil/spieler/690846,,,1994
,,,607685b663f01a0017495606,PL,,,Mikolaj,R,,FAŁSZ,PRAWDA,Ortyl,,,,RB,https://www.transfermarkt.pl/mikolaj-ortyl/profil/spieler/690859,,,2002
,,,607685b663f01a0017495606,PL,,,Lukasz,R,172,FAŁSZ,PRAWDA,Iskrzynski,,,,RB,https://www.transfermarkt.pl/lukasz-iskrzynski/profil/spieler/690847,,,1989
,,,607685b663f01a0017495606,PL,,,Mikolaj,,,FAŁSZ,PRAWDA,Krolczyk,,,,CM,https://www.transfermarkt.pl/mikolaj-krolczyk/profil/spieler/836944,,,2002
,,,607685b663f01a0017495606,PL,,,Mikolaj,,,FAŁSZ,PRAWDA,Strauchmann,,,,CM,https://www.transfermarkt.pl/mikolaj-strauchmann/profil/spieler/836945,,,2003
,,,607685b663f01a0017495606,PL,,,Mateusz,,,FAŁSZ,PRAWDA,Roclawski,,,,DM,https://www.transfermarkt.pl/mateusz-roclawski/profil/spieler/690842,,,1999
,,,607685b663f01a0017495606,PL,,,Mateusz,R,182,FAŁSZ,PRAWDA,Sporek,,,,CM,https://www.transfermarkt.pl/mateusz-sporek/profil/spieler/751009,,,1996
,,,607685b663f01a0017495606,PL,,,Wiktor,,,FAŁSZ,PRAWDA,Pawlak,,,,CM,https://www.transfermarkt.pl/wiktor-pawlak/profil/spieler/711647,,,2001
,,,607685b663f01a0017495606,PL,,,Mateusz,,,FAŁSZ,PRAWDA,Rozmarynowski,,,,RM,https://www.transfermarkt.pl/mateusz-rozmarynowski/profil/spieler/690857,,,2000
,,,607685b663f01a0017495606,PL,,,Gracjan,,,FAŁSZ,PRAWDA,Wysocki,,,,F,https://www.transfermarkt.pl/gracjan-wysocki/profil/spieler/836946,,,2002
,,,607685b663f01a0017495606,PL,,,Mikolaj,R,,FAŁSZ,PRAWDA,Dobrzykowski,,,,F/W,https://www.transfermarkt.pl/mikolaj-dobrzykowski/profil/spieler/697371,,,2000
,,,607685b663f01a0017495606,PL,,,Rafal,R,183,FAŁSZ,PRAWDA,Lesniewski,,,,F,https://www.transfermarkt.pl/rafal-lesniewski/profil/spieler/189570,,,1985
,,,607685b663f01a0017495606,PL,,,Jakub,R,,FAŁSZ,PRAWDA,Kubinski,,,,F,https://www.transfermarkt.pl/jakub-kubinski/profil/spieler/690849,,,1999
,,,604b416b6efc8900175b5774,PL,,,Daniel,R,187,FAŁSZ,PRAWDA,Kusztan,,,,GK,https://www.transfermarkt.pl/daniel-kusztan/profil/spieler/387243,,,1999
,,,604b416b6efc8900175b5774,PL,,,Lukasz,R,192,FAŁSZ,PRAWDA,Gadek,,,,GK,https://www.transfermarkt.pl/lukasz-gadek/profil/spieler/81227,,,1989
,,,604b416b6efc8900175b5774,PL,,,Wiktor,R,181,FAŁSZ,PRAWDA,Zaleski,,,,GK,https://www.transfermarkt.pl/wiktor-zaleski/profil/spieler/831106,,,2004
,,,604b416b6efc8900175b5774,PL,,,Mateusz,R,184,FAŁSZ,PRAWDA,Batkowski,,,,CB,https://www.transfermarkt.pl/mateusz-batkowski/profil/spieler/798240,,,1996
,,,604b416b6efc8900175b5774,PL,,,Michal,R,188,FAŁSZ,PRAWDA,Stasiak,,,,CB,https://www.transfermarkt.pl/michal-stasiak/profil/spieler/24521,,,1981
,,,604b416b6efc8900175b5774,PL,,,Dawid,R,186,FAŁSZ,PRAWDA,Siemko,,,,CB,https://www.transfermarkt.pl/dawid-siemko/profil/spieler/313531,,,1995
,,,604b416b6efc8900175b5774,PL,,,Adam,R,190,FAŁSZ,PRAWDA,Wiejkuc,,,,CB,https://www.transfermarkt.pl/adam-wiejkuc/profil/spieler/421327,,,1995
,,,604b416b6efc8900175b5774,PL,,,Blazej,R,188,FAŁSZ,PRAWDA,Jezierski,,,,CB,https://www.transfermarkt.pl/blazej-jezierski/profil/spieler/798242,,,2001
,,,604b416b6efc8900175b5774,PL,,,Mariusz,R,182,FAŁSZ,PRAWDA,Helt,,,,LB,https://www.transfermarkt.pl/mariusz-helt/profil/spieler/146114,,,1991
,,,604b416b6efc8900175b5774,UA,,,Dmytro,R,180,FAŁSZ,PRAWDA,Shevchuk,,,,DM,https://www.transfermarkt.pl/dmytro-shevchuk/profil/spieler/537836,,,1987
,,,604b416b6efc8900175b5774,PL,,,Jaroslaw,L,170,FAŁSZ,PRAWDA,Jozwiak,,,,DM,https://www.transfermarkt.pl/jaroslaw-jozwiak/profil/spieler/280914,,,1989
,,,604b416b6efc8900175b5774,PL,,,Kamil,R,183,FAŁSZ,PRAWDA,Pozniak,,,,CM,https://www.transfermarkt.pl/kamil-pozniak/profil/spieler/52232,,,1989
,,,604b416b6efc8900175b5774,PL,,,Filip,R,180,FAŁSZ,PRAWDA,Adamski,,,,CM,https://www.transfermarkt.pl/filip-adamski/profil/spieler/828290,,,2004
,,,604b416b6efc8900175b5774,PL,,,Dawid,R,187,FAŁSZ,PRAWDA,Adamski,,,,CM,https://www.transfermarkt.pl/dawid-adamski/profil/spieler/798239,,,2002
,,,604b416b6efc8900175b5774,DE,,,Michal,L,183,FAŁSZ,PRAWDA,Protasewicz,,,,LM,https://www.transfermarkt.pl/michal-protasewicz/profil/spieler/8526,,,1985
,,,604b416b6efc8900175b5774,PL,,,Jakub,R,183,FAŁSZ,PRAWDA,Scirka,,,,CAM,https://www.transfermarkt.pl/jakub-scirka/profil/spieler/898415,,,2003
,,,604b416b6efc8900175b5774,PL,,,Roman,R,177,FAŁSZ,PRAWDA,Dziuba,,,,CAM,https://www.transfermarkt.pl/roman-dziuba/profil/spieler/828291,,,2004
,,,604b416b6efc8900175b5774,PL,,,Jonatan,,,FAŁSZ,PRAWDA,Cackowski,,,,F/W,https://www.transfermarkt.pl/jonatan-cackowski/profil/spieler/836943,,,2002
,,,604b416b6efc8900175b5774,PL,,,Krystian,R,174,FAŁSZ,PRAWDA,Peda,,,,F/W,https://www.transfermarkt.pl/krystian-peda/profil/spieler/264291,,,1997
,,,604b416b6efc8900175b5774,PL,,,Patryk,R,184,FAŁSZ,PRAWDA,Harkot,,,,F/W,https://www.transfermarkt.pl/patryk-harkot/profil/spieler/798241,,,1999
,,,604b416b6efc8900175b5774,PL,,,Damian,R,180,FAŁSZ,PRAWDA,Staniszewski,,,,F,https://www.transfermarkt.pl/damian-staniszewski/profil/spieler/33009,,,1979
,,,604b416b6efc8900175b5774,UA,,,Kostyantyn,,184,FAŁSZ,PRAWDA,Karaman,,,,F,https://www.transfermarkt.pl/kostyantyn-karaman/profil/spieler/651342,,,1996
,,,608099cebd12cc0017a16f0b,PL,,,Wojciech,,,FAŁSZ,PRAWDA,Wolk,,,,CB,https://www.transfermarkt.pl/wojciech-wolk/profil/spieler/800156,,,2002
,,,608099cebd12cc0017a16f0b,PL,,,Wiktor,R,178,FAŁSZ,PRAWDA,Babinski,,,,RB,https://www.transfermarkt.pl/wiktor-babinski/profil/spieler/384805,,,1999
,,,608099cebd12cc0017a16f0b,PL,,,Lukasz,,,FAŁSZ,PRAWDA,Ciegotura,,,,CM,https://www.transfermarkt.pl/lukasz-ciegotura/profil/spieler/864724,,,1995
,,,608099cebd12cc0017a16f0b,PL,,,Wiktor,R,180,FAŁSZ,PRAWDA,Pokorowski,,,,CM,https://www.transfermarkt.pl/wiktor-pokorowski/profil/spieler/798183,,,2003
,,,608099cebd12cc0017a16f0b,PL,,,Kamil,R,179,FAŁSZ,PRAWDA,Woroniecki,,,,CAM,https://www.transfermarkt.pl/kamil-woroniecki/profil/spieler/599912,,,1999
,,,608099cebd12cc0017a16f0b,PL,,,Bogusz,R,183,FAŁSZ,PRAWDA,Wisniewski,,,,CAM,https://www.transfermarkt.pl/bogusz-wisniewski/profil/spieler/826223,,,2003
,,,608099cebd12cc0017a16f0b,PL,,,Jakub,R,,FAŁSZ,PRAWDA,Sajda,,,,F/W,https://www.transfermarkt.pl/jakub-sajda/profil/spieler/607583,,,2001
,,,608099cebd12cc0017a16f0b,PL,,,Nicolas,,,FAŁSZ,PRAWDA,Kankowski,,,,F,https://www.transfermarkt.pl/nicolas-kankowski/profil/spieler/588957,,,2001
,,,608099cebd12cc0017a16f0b,PL,,,Lukasz,R,,FAŁSZ,PRAWDA,Chruscicki,,,,F,https://www.transfermarkt.pl/lukasz-chruscicki/profil/spieler/870607,,,1999
,,,,PL,,,Robert,R,180,FAŁSZ,PRAWDA,Wika,,,,GK,https://www.transfermarkt.pl/robert-wika/profil/spieler/658437,,,2002
,,,,PL,,,Milosz,,183,FAŁSZ,PRAWDA,Mycio,,,,CB,https://www.transfermarkt.pl/milosz-mycio/profil/spieler/782408,,,2003
,,,,PL,,,Maciej,,186,FAŁSZ,PRAWDA,Koszalka,,,,LB,https://www.transfermarkt.pl/maciej-koszalka/profil/spieler/451438,,,2000
,,,,PL,,,Jakub,R,,FAŁSZ,PRAWDA,Godlewski,,,,RB,https://www.transfermarkt.pl/jakub-godlewski/profil/spieler/747966,,,2003
,,,,PL,,,Kamil,R,,FAŁSZ,PRAWDA,Talaska,,,,RB,https://www.transfermarkt.pl/kamil-talaska/profil/spieler/605785,,,2001
,,,,PL,,,Rafal,R,174,FAŁSZ,PRAWDA,Jahn,,,,DM,https://www.transfermarkt.pl/rafal-jahn/profil/spieler/611846,,,2001
,,,,PL,,,Maciej,R,178,FAŁSZ,PRAWDA,Szymanski,,,,DM,https://www.transfermarkt.pl/maciej-szymanski/profil/spieler/266270,,,1988
,,,,PL,,,Kacper,,180,FAŁSZ,PRAWDA,Malolepszy,,,,DM,https://www.transfermarkt.pl/kacper-malolepszy/profil/spieler/497493,,,1999
,,,,PL,,,Mikolaj,,,FAŁSZ,PRAWDA,Formella,,,,CM,https://www.transfermarkt.pl/mikolaj-formella/profil/spieler/665760,,,2003
,,,,PL,,,Przemyslaw,R,176,FAŁSZ,PRAWDA,Czerwinski,,,,CAM,https://www.transfermarkt.pl/przemyslaw-czerwinski/profil/spieler/259459,,,1995
,,,,GN,,,Mohamed,,173,FAŁSZ,PRAWDA,Doumbouya,,,,CAM,https://www.transfermarkt.pl/mohamed-doumbouya/profil/spieler/421299,,,1992
,,,,PL,,,Nikodem,,180,FAŁSZ,PRAWDA,Sroka,,,,F,https://www.transfermarkt.pl/nikodem-sroka/profil/spieler/747965,,,2003
,,,,PL,,,Jakub,,,FAŁSZ,PRAWDA,Kreft,,,,F/W,https://www.transfermarkt.pl/jakub-kreft/profil/spieler/750258,,,2003
,,,,PL,,,Jakub,,,FAŁSZ,PRAWDA,Kwidzinski,,,,F/W,https://www.transfermarkt.pl/jakub-kwidzinski/profil/spieler/750259,,,2003
,,,,PL,,,Karol,R,188,FAŁSZ,PRAWDA,Baranowski,,,,F/W,https://www.transfermarkt.pl/karol-baranowski/profil/spieler/665757,,,2001
,,,,PL,,,Michal,R,174,FAŁSZ,PRAWDA,Renusz,,,,F/W,https://www.transfermarkt.pl/michal-renusz/profil/spieler/69779,,,1987
,,,,PL,,,Daniel,R,175,FAŁSZ,PRAWDA,Kwidzinski,,,,F/W,https://www.transfermarkt.pl/daniel-kwidzinski/profil/spieler/665759,,,2001
,,,,PL,,,Maciej,R,174,FAŁSZ,PRAWDA,Wardzinski,,,,F,https://www.transfermarkt.pl/maciej-wardzinski/profil/spieler/343321,,,1994
,,,611bf1f6fe16ff48a850e2cd,PL,,,Wiktor,,,FAŁSZ,PRAWDA,Gorel,,,,GK,https://www.transfermarkt.pl/wiktor-gorel/profil/spieler/1051954,,,
,,,6303ca85fdc8080018fdb8cd,PL,,,Bartosz,,,FAŁSZ,PRAWDA,Trawinski,,,,CM,https://www.transfermarkt.pl/bartosz-trawinski/profil/spieler/1013683,,,2004
,,,6303ca85fdc8080018fdb8cd,PL,,,Jakub,,,FAŁSZ,PRAWDA,Basta,,,,CM,https://www.transfermarkt.pl/jakub-basta/profil/spieler/1013680,,,2004
,,,6303ca85fdc8080018fdb8cd,BR,,,Kauan,,183,FAŁSZ,PRAWDA,Kauan,,,,CM,https://www.transfermarkt.pl/kauan/profil/spieler/1056432,,,2004
,,,6303ca85fdc8080018fdb8cd,PL,,,Kamil,,,FAŁSZ,PRAWDA,Müller,,,,CM,https://www.transfermarkt.pl/kamil-muller/profil/spieler/1055015,,,
,,,6303ca85fdc8080018fdb8cd,PL,,,Mikołaj,,,FAŁSZ,PRAWDA,Grabowski,,,,CM,https://www.transfermarkt.pl/aj-grabowski/profil/spieler/1055013,,,
,,,6303ca85fdc8080018fdb8cd,PL,,,Olaf,,,FAŁSZ,PRAWDA,Kania,,,,CB,https://www.transfermarkt.pl/olaf-kania/profil/spieler/1060040,,,
,,,6303ca85fdc8080018fdb8cd,BR,,,Samuel,L,177,FAŁSZ,PRAWDA,Samuel,,,,LB,https://www.transfermarkt.pl/samuel/profil/spieler/1056428,,,2004
,,,6303ca85fdc8080018fdb8cd,PL,,,Bartosz,L,192,FAŁSZ,PRAWDA,Jablonka,,,,CB,https://www.transfermarkt.pl/bartosz-jablonka/profil/spieler/1011022,,,2005
,,,6303ca85fdc8080018fdb8cd,PL,,,Jakub,,,FAŁSZ,PRAWDA,Kaczemba,,,,CB,https://www.transfermarkt.pl/jakub-kaczemba/profil/spieler/1024796,,,2007
,,,6303ca85fdc8080018fdb8cd,PL,,,Igor,,,FAŁSZ,PRAWDA,Kyziol,,,,CB,https://www.transfermarkt.pl/igor-kyziol/profil/spieler/1055014,,,
,,,6303ca85fdc8080018fdb8cd,PL,,,Alan,,,FAŁSZ,PRAWDA,Matuszak,,,,F,https://www.transfermarkt.pl/alan-matuszak/profil/spieler/1013679,,,2004
,,,611bf1f6fe16ff48a850e2bf,PL,,,Kacper,,,FAŁSZ,PRAWDA,Lenard,,,,CB,https://www.transfermarkt.pl/kacper-lenard/profil/spieler/1048644,,,2006
,,,60620e620727700017d932d9,UA,,,Mykyta,,,FAŁSZ,PRAWDA,Vasin,,,,CM,https://www.transfermarkt.pl/mykyta-vasin/profil/spieler/1048944,,,2006
,,,6058ecc1ca90dc001755c7b1,PL,,,Wojciech,,,FAŁSZ,PRAWDA,Falarz,,,,LM,https://www.transfermarkt.pl/wojciech-falarz/profil/spieler/1043326,,,2005
,,,611bf1f6fe16ff48a850e316,PL,,,Marcel,,,FAŁSZ,PRAWDA,Grochowski,,,,F,https://www.transfermarkt.pl/marcel-grochowski/profil/spieler/1044657,,,2001
,,,611bf1f6fe16ff48a850e2ea,PL,,,Arkadiusz,,,FAŁSZ,PRAWDA,Gizynski,,,,CM,https://www.transfermarkt.pl/arkadiusz-gizynski/profil/spieler/1019893,,,2004
,,,60a1492ec55fb30017f085c6,PL,,,Bartosz,,,FAŁSZ,PRAWDA,Wojciechowski,,,,CB,https://www.transfermarkt.pl/bartosz-wojciechowski/profil/spieler/1043118,,,
,,,60a1492ec55fb30017f085c6,PL,,,Jakub,,,FAŁSZ,PRAWDA,Rychlewski,,,,F,https://www.transfermarkt.pl/jakub-rychlewski/profil/spieler/1056383,,,2006
,,,611bf1f6fe16ff48a850e2b3,PL,,,Wojciech,,,FAŁSZ,PRAWDA,Zelazo,,,,CM,https://www.transfermarkt.pl/wojciech-zelazo/profil/spieler/1043949,,,2004
,,,6060f6f799d65b0017f26d9a,PL,,,Adam,,,FAŁSZ,PRAWDA,Sobus,,,,CM,https://www.transfermarkt.pl/adam-sobus/profil/spieler/1052401,,,2003
,,,62f8c443d76fa700184ca76d,PL,,,Jan,,,FAŁSZ,PRAWDA,Michalak,,,,GK,https://www.transfermarkt.pl/jan-michalak/profil/spieler/1045428,,,
,,,611bf1f6fe16ff48a850e2ac,PL,,,Kacper,,,FAŁSZ,PRAWDA,Wojtyszyn,,,,CB,https://www.transfermarkt.pl/kacper-wojtyszyn/profil/spieler/1045420,,,2003
,,,611bf1f6fe16ff48a850e2ac,PL,,,Patryk,,,FAŁSZ,PRAWDA,Pisula,,,,CB,https://www.transfermarkt.pl/patryk-pisula/profil/spieler/1045751,,,
,,,611bf1f6fe16ff48a850e2ac,PL,,,Jakub,,,FAŁSZ,PRAWDA,Kania,,,,CM,https://www.transfermarkt.pl/jakub-kania/profil/spieler/1045406,,,
,,,611bf1f6fe16ff48a850e2ac,PL,,,Sebastian,,,FAŁSZ,PRAWDA,Graczyk,,,,CM,https://www.transfermarkt.pl/sebastian-graczyk/profil/spieler/1011040,,,2004
,,,611bf1f6fe16ff48a850e2ac,PL,,,Marcin,,,FAŁSZ,PRAWDA,Weber,,,,CB,https://www.transfermarkt.pl/marcin-weber/profil/spieler/1045419,,,
,,,611bf1f6fe16ff48a850e2ac,PL,,,Jakub,,,FAŁSZ,PRAWDA,Kieliszewski,,,,F,https://www.transfermarkt.pl/jakub-kieliszewski/profil/spieler/1045411,,,2004
,,,62f3566a79e4470018ffe1d8,PL,,,Mateusz,,,FAŁSZ,PRAWDA,Markowicz,,,,CB,https://www.transfermarkt.pl/mateusz-markowicz/profil/spieler/1043143,,,2002
,,,62f3566a79e4470018ffe1d8,PL,,,Michal,,,FAŁSZ,PRAWDA,Michalak,,,,GK,https://www.transfermarkt.pl/michal-michalak/profil/spieler/1043145,,,1980
,,,62f3566a79e4470018ffe1d8,PL,,,Maciej,,,FAŁSZ,PRAWDA,Komorowski,,,,CB,https://www.transfermarkt.pl/maciej-komorowski/profil/spieler/1043142,,,1996
,,,62f3566a79e4470018ffe1d8,BR,,,Lipe,,,FAŁSZ,PRAWDA,Lipe,,,,CM,https://www.transfermarkt.pl/lipe/profil/spieler/1054237,,,1994
,,,62f3566a79e4470018ffe1d8,PL,,,Filip,,,FAŁSZ,PRAWDA,Rogalski,,,,CM,https://www.transfermarkt.pl/filip-rogalski/profil/spieler/1043146,,,2003
,,,62f3566a79e4470018ffe1d8,PL,,,Aleksander,,,FAŁSZ,PRAWDA,Olczak,,,,CM,https://www.transfermarkt.pl/aleksander-olczak/profil/spieler/1046113,,,
,,,62f3566a79e4470018ffe1d8,PL,,,Jakub,,,FAŁSZ,PRAWDA,Tworek,,,,F,https://www.transfermarkt.pl/jakub-tworek/profil/spieler/1043141,,,2003
,,,60620ca10727700017d932d7,PL,,,Michal,,,FAŁSZ,PRAWDA,Nos,,,,GK,https://www.transfermarkt.pl/michal-nos/profil/spieler/1049958,,,2003
,,,60bf2cfdc3b018001775fc20,PL,,,Jakub,,,FAŁSZ,PRAWDA,Jamroz,,,,GK,https://www.transfermarkt.pl/jakub-jamroz/profil/spieler/1048642,,,2006
,,,611bf1f6fe16ff48a850e2b6,PL,,,Pawel,R,183,FAŁSZ,PRAWDA,Bednarski,,,,DM,https://www.transfermarkt.pl/pawel-bednarski/profil/spieler/608616,,,1999
,,,611bf1f6fe16ff48a850e2b6,PL,,,Hubert,,,FAŁSZ,PRAWDA,Szczepaniak,,,,CM,https://www.transfermarkt.pl/hubert-szczepaniak/profil/spieler/997222,,,2006
,,,611bf1f6fe16ff48a850e2b6,PL,,,Mateusz,,,FAŁSZ,PRAWDA,Wziech,,,,CM,https://www.transfermarkt.pl/mateusz-wziech/profil/spieler/1048945,,,
,,,611bf1f6fe16ff48a850e2b6,PL,,,Hubert,,,FAŁSZ,PRAWDA,Kaptur,,,,CB,https://www.transfermarkt.pl/hubert-kaptur/profil/spieler/1045421,,,2003
,,,6115315f63870a0017cd4eae,PL,,,Cyprian,,,FAŁSZ,PRAWDA,Wardziak,,,,CM,https://www.transfermarkt.pl/cyprian-wardziak/profil/spieler/1047750,,,2004
,,,606b5bd736819c0017b655b1,PL,,,Aleksander,,,FAŁSZ,PRAWDA,Drozdowicz,,,,CB,https://www.transfermarkt.pl/aleksander-drozdowicz/profil/spieler/1000086,,,2003
,,,62fbac5d3d72690018242440,PL,,,Maciej,,,FAŁSZ,PRAWDA,Gorwa,,,,CM,https://www.transfermarkt.pl/maciej-gorwa/profil/spieler/1043321,,,1998
,,,62fbac5d3d72690018242440,PL,,,Bartlomiej,,,FAŁSZ,PRAWDA,Burkhardt,,,,F,https://www.transfermarkt.pl/bartlomiej-burkhardt/profil/spieler/1047407,,,
,,,62fbac5d3d72690018242440,PL,,,Tymoteusz,,,FAŁSZ,PRAWDA,Sulinski,,,,GK,https://www.transfermarkt.pl/tymoteusz-sulinski/profil/spieler/1048855,,,2002
,,,62fbac5d3d72690018242440,PL,,,Mateusz,,,FAŁSZ,PRAWDA,Szymanski,,,,CB,https://www.transfermarkt.pl/mateusz-szymanski/profil/spieler/1043319,,,2004
,,,62fbac5d3d72690018242440,PL,,,Patryk,,,FAŁSZ,PRAWDA,Rycerski,,,,CB,https://www.transfermarkt.pl/patryk-rycerski/profil/spieler/1043320,,,
,,,62fbac5d3d72690018242440,PL,,,Kamil,,,FAŁSZ,PRAWDA,Cholewa,,,,GK,https://www.transfermarkt.pl/kamil-cholewa/profil/spieler/1043322,,,
,,,62fbac5d3d72690018242440,PL,,,Mateusz,,,FAŁSZ,PRAWDA,Michalewski,,,,CB,https://www.transfermarkt.pl/mateusz-michalewski/profil/spieler/1061379,,,
,,,62fbac5d3d72690018242440,PL,,,Bartosz,,,FAŁSZ,PRAWDA,Zalewski,,,,F,https://www.transfermarkt.pl/bartosz-zalewski/profil/spieler/1043218,,,1996
,,,62fbac5d3d72690018242440,PL,,,Jakub,,,FAŁSZ,PRAWDA,Kowalewski,,,,CB,https://www.transfermarkt.pl/jakub-kowalewski/profil/spieler/1054980,,,
,,,62fbac5d3d72690018242440,PL,,,Kacper,,,FAŁSZ,PRAWDA,Czaja,,,,CM,https://www.transfermarkt.pl/kacper-czaja/profil/spieler/1043324,,,2004
,,,62fbac5d3d72690018242440,PL,,,Konrad,,,FAŁSZ,PRAWDA,Waliszewski,,,,CM,https://www.transfermarkt.pl/konrad-waliszewski/profil/spieler/1043323,,,2005
,,,62f27a1c5c98a40018025c3c,PL,,,Michal,,,FAŁSZ,PRAWDA,Fernezy,,,,F,https://www.transfermarkt.pl/michal-fernezy/profil/spieler/1056332,,,1998
,,,62f27a1c5c98a40018025c3c,PL,,,Marcel,,,FAŁSZ,PRAWDA,Snowyda,,,,CM,https://www.transfermarkt.pl/marcel-snowyda/profil/spieler/1056333,,,2002
,,,62f27a1c5c98a40018025c3c,PL,,,Kacper,,,FAŁSZ,PRAWDA,Sidor,,,,GK,https://www.transfermarkt.pl/kacper-sidor/profil/spieler/1056334,,,
,,,62f27a1c5c98a40018025c3c,PL,,,Krystian,,,FAŁSZ,PRAWDA,Wenerski,,,,F,https://www.transfermarkt.pl/krystian-wenerski/profil/spieler/1042977,,,2004
,,,611bec29a3796c00171c2f8f,PL,,,Maksymilian,,,FAŁSZ,PRAWDA,Rachfal,,,,CB,https://www.transfermarkt.pl/maksymilian-rachfal/profil/spieler/1042537,,,2005
,,,611bec29a3796c00171c2f8f,PL,,,Jakub,,,FAŁSZ,PRAWDA,Bednarek,,,,CB,https://www.transfermarkt.pl/jakub-bednarek/profil/spieler/1046888,,,2005
,,,61d895dc998bfb00186e168a,PL,,,Fryderyk,both,179,FAŁSZ,PRAWDA,Misztal,,,,DM,https://www.transfermarkt.pl/fryderyk-misztal/profil/spieler/1056919,,,2006
,,,61c46d274afd2a00188ee5f0,PL,,,Kamil,,,FAŁSZ,PRAWDA,Gorecki,,,,CB,https://www.transfermarkt.pl/kamil-gorecki/profil/spieler/1056395,,,
,,,61c46d274afd2a00188ee5f0,UA,,,Vadym,,,FAŁSZ,PRAWDA,Kukuruza,,,,CM,https://www.transfermarkt.pl/vadym-kukuruza/profil/spieler/1059444,,,2004
,,,61c46d274afd2a00188ee5f0,PL,,,Filip,,,FAŁSZ,PRAWDA,Tuliszka,,,,DM,https://www.transfermarkt.pl/filip-tuliszka/profil/spieler/1059446,,,2005
,,,61c46d274afd2a00188ee5f0,PL,,,Pawel,,,FAŁSZ,PRAWDA,Depka,,,,GK,https://www.transfermarkt.pl/pawel-depka/profil/spieler/1059439,,,2005
,,,61c46d274afd2a00188ee5f0,PL,,,Jakub,,,FAŁSZ,PRAWDA,Karczewski,,,,GK,https://www.transfermarkt.pl/jakub-karczewski/profil/spieler/1059442,,,2005
,,,6055ba71c4273f0017e9fd93,PL,,,Kacper,,,FAŁSZ,PRAWDA,Pleskot,,,,CM,https://www.transfermarkt.pl/kacper-pleskot/profil/spieler/1060027,,,2006
,,,6055ba71c4273f0017e9fd93,PL,,,Igor,,,FAŁSZ,PRAWDA,Szostek,,,,CB,https://www.transfermarkt.pl/igor-szostek/profil/spieler/1049268,,,2005
,,,6055ba71c4273f0017e9fd93,PL,,,Jakub,,,FAŁSZ,PRAWDA,Greliak,,,,GK,https://www.transfermarkt.pl/jakub-greliak/profil/spieler/1056392,,,2007
,,,6055ba71c4273f0017e9fd93,PL,,,Konrad,,,FAŁSZ,PRAWDA,Gorszkow,,,,CM,https://www.transfermarkt.pl/konrad-gorszkow/profil/spieler/1060028,,,2005
,,,6055ba71c4273f0017e9fd93,UA,,,Stanislav,,,FAŁSZ,PRAWDA,Gulidov,,,,CM,https://www.transfermarkt.pl/stanislav-gulidov/profil/spieler/1060030,,,2005
,,,6055ba71c4273f0017e9fd93,PL,,,Filip,,,FAŁSZ,PRAWDA,Koper,,,,F,https://www.transfermarkt.pl/filip-koper/profil/spieler/1055040,,,2005
,,,6055ba71c4273f0017e9fd93,PL,,,Kacper,,,FAŁSZ,PRAWDA,Lunkiewicz,,,,CM,https://www.transfermarkt.pl/kacper-lunkiewicz/profil/spieler/1049273,,,2005
,,,6055ba71c4273f0017e9fd93,PL,,,Wiktor,,,FAŁSZ,PRAWDA,Piekarz,,,,CB,https://www.transfermarkt.pl/wiktor-piekarz/profil/spieler/1049266,,,2005
,,,61df5196ac8a1c00186039e9,PL,,,Patryk,,,FAŁSZ,PRAWDA,Marek,,,,F,https://www.transfermarkt.pl/patryk-marek/profil/spieler/1055053,,,2005
,,,61df5196ac8a1c00186039e9,PL,,,Hubert,,,FAŁSZ,PRAWDA,Ogorek,,,,CM,https://www.transfermarkt.pl/hubert-ogorek/profil/spieler/1055613,,,2005
,,,61c6f85fa6ec6d0018acf40a,PL,,,Kacper,,,FAŁSZ,PRAWDA,Ptasinski,,,,CM,https://www.transfermarkt.pl/kacper-ptasinski/profil/spieler/1055011,,,
,,,61c6f85fa6ec6d0018acf40a,PL,,,Krystian,,,FAŁSZ,PRAWDA,Zietek,,,,CM,https://www.transfermarkt.pl/krystian-zietek/profil/spieler/1055010,,,2005
,,,61c6f85fa6ec6d0018acf40a,PL,,,Dawid,,,FAŁSZ,PRAWDA,Zakiewicz,,,,CM,https://www.transfermarkt.pl/dawid-zakiewicz/profil/spieler/1049672,,,2005
,,,61c6f85fa6ec6d0018acf40a,PL,,,Jakub,,,FAŁSZ,PRAWDA,Demianczuk,,,,CB,https://www.transfermarkt.pl/jakub-demianczuk/profil/spieler/1058561,,,
,,,61c6f85fa6ec6d0018acf40a,PL,,,Jakub,,,FAŁSZ,PRAWDA,Kruszewski,,,,CB,https://www.transfermarkt.pl/jakub-kruszewski/profil/spieler/1043437,,,2005
,,,61d8468e998bfb00186e166c,PL,,,Jakub,,,FAŁSZ,PRAWDA,Skowronski,,,,CB,https://www.transfermarkt.pl/jakub-skowronski/profil/spieler/1013272,,,
,,,61d8468e998bfb00186e166c,PL,,,Szymon,,,FAŁSZ,PRAWDA,Maza,,,,F,https://www.transfermarkt.pl/szymon-maza/profil/spieler/1055029,,,
,,,61d8468e998bfb00186e166c,PL,,,Igor,,,FAŁSZ,PRAWDA,Kuchta,,,,CM,https://www.transfermarkt.pl/igor-kuchta/profil/spieler/820377,,,2006
,,,61d8468e998bfb00186e166c,PL,,,Michał,,,FAŁSZ,PRAWDA,Gurgul,,,,CB,https://www.transfermarkt.pl/-gurgul/profil/spieler/991779,,,
,,,61d8468e998bfb00186e166c,PL,,,Mateusz,,,FAŁSZ,PRAWDA,Meyer,,,,CB,https://www.transfermarkt.pl/mateusz-meyer/profil/spieler/1055653,,,2005
,,,61d8468e998bfb00186e166c,PL,,,Filip,,,FAŁSZ,PRAWDA,Warciarek,,,,CM,https://www.transfermarkt.pl/filip-warciarek/profil/spieler/1016125,,,
,,,60ac0742df77c600178fa8b4,PL,,,Wojciech,,,FAŁSZ,PRAWDA,Kotulak,,,,CM,https://www.transfermarkt.pl/wojciech-kotulak/profil/spieler/1059186,,,2005
,,,60ac0742df77c600178fa8b4,PL,,,Franciszek,,,FAŁSZ,PRAWDA,Slon,,,,CM,https://www.transfermarkt.pl/franciszek-slon/profil/spieler/1055005,,,2004
,,,60ac0742df77c600178fa8b4,UA,,,Andriy,,,FAŁSZ,PRAWDA,Verbytskyi,,,,CM,https://www.transfermarkt.pl/andriy-verbytskyi/profil/spieler/1049264,,,
,,,6303ca6dfdc8080018fdb8cc,PL,,,Mateusz,,,FAŁSZ,PRAWDA,Smiglewski,,,,CB,https://www.transfermarkt.pl/mateusz-smiglewski/profil/spieler/1055016,,,2005
,,,6303ca6dfdc8080018fdb8cc,PL,,,Adrian,,,FAŁSZ,PRAWDA,Suchcicki,,,,CB,https://www.transfermarkt.pl/adrian-suchcicki/profil/spieler/1055697,,,2005
,,,6303ca6dfdc8080018fdb8cc,PL,,,Dominik,,,FAŁSZ,PRAWDA,Lemka,,,,CM,https://www.transfermarkt.pl/dominik-lemka/profil/spieler/1055017,,,2005
,,,6303ca6dfdc8080018fdb8cc,PL,,,Mikolaj,,,FAŁSZ,PRAWDA,Solkiewicz,,,,CM,https://www.transfermarkt.pl/mikolaj-solkiewicz/profil/spieler/1055018,,,2005
,,,6303ca6dfdc8080018fdb8cc,PL,,,Norbert,,,FAŁSZ,PRAWDA,Ratajczyk,,,,F,https://www.transfermarkt.pl/norbert-ratajczyk/profil/spieler/1055019,,,2005
,,,61767718954f8a00183f3a7d,PL,,,Wiktor,,,FAŁSZ,PRAWDA,Ambroziak,,,,CM,https://www.transfermarkt.pl/wiktor-ambroziak/profil/spieler/991567,,,
,,,61767718954f8a00183f3a7d,PL,,,Kacper,,,FAŁSZ,PRAWDA,Sankiewicz,,,,CM,https://www.transfermarkt.pl/kacper-sankiewicz/profil/spieler/1049702,,,
,,,60ad4c11241da200177c6edf,PL,,,Bartosz,,,FAŁSZ,PRAWDA,Kosiba,,,,CM,https://www.transfermarkt.pl/bartosz-kosiba/profil/spieler/1013266,,,
,,,60ad4c11241da200177c6edf,PL,,,Tobiasz,,,FAŁSZ,PRAWDA,Celebanski,,,,GK,https://www.transfermarkt.pl/tobiasz-celebanski/profil/spieler/1049710,,,
,,,60ad4c11241da200177c6edf,PL,,,Jakub,,,FAŁSZ,PRAWDA,Solarz,,,,CB,https://www.transfermarkt.pl/jakub-solarz/profil/spieler/1055032,,,
,,,613600c81c03a300187287de,PL,,,Radoslaw,,,FAŁSZ,PRAWDA,Skala,,,,CM,https://www.transfermarkt.pl/radoslaw-skala/profil/spieler/1049269,,,2005
,,,60adf9f2b27fc70017e1a8d6,PL,,,Kamil,,,FAŁSZ,PRAWDA,Ausfeld,,,,CM,https://www.transfermarkt.pl/kamil-ausfeld/profil/spieler/1055048,,,2005
,,,60adf9f2b27fc70017e1a8d6,PL,,,Tobiasz,,,FAŁSZ,PRAWDA,Starosta,,,,CM,https://www.transfermarkt.pl/tobiasz-starosta/profil/spieler/1055049,,,2005
,,,60adf9f2b27fc70017e1a8d6,PL,,,Bartosz,,,FAŁSZ,PRAWDA,Moczynski,,,,CB,https://www.transfermarkt.pl/bartosz-moczynski/profil/spieler/1049265,,,2005
,,,60a7b0477f0cd6001798dadf,PL,,,Jakub,,,FAŁSZ,PRAWDA,Welter,,,,CM,https://www.transfermarkt.pl/jakub-welter/profil/spieler/1049671,,,2005
,,,60a7b0477f0cd6001798dadf,PL,,,Adam,,,FAŁSZ,PRAWDA,Chojecki,,,,CM,https://www.transfermarkt.pl/adam-chojecki/profil/spieler/911500,,,2005
,,,60a7b0477f0cd6001798dadf,PL,,,Mateusz,L,,FAŁSZ,PRAWDA,Kaczorek,,,,DM,https://www.transfermarkt.pl/mateusz-kaczorek/profil/spieler/1018394,,,2006
,,,60d225727474df00171692bf,PL,,,Jakub,,,FAŁSZ,PRAWDA,Baut,,,,GK,https://www.transfermarkt.pl/jakub-baut/profil/spieler/1045387,,,
,,,60d225727474df00171692bf,PL,,,Szymon,,,FAŁSZ,PRAWDA,Lyskawa,,,,CB,https://www.transfermarkt.pl/szymon-lyskawa/profil/spieler/1057416,,,
,,,60d225727474df00171692bf,PL,,,Mikolaj,,,FAŁSZ,PRAWDA,Jankowski,,,,F,https://www.transfermarkt.pl/mikolaj-jankowski/profil/spieler/994633,,,2000
,,,6074adb807694d001781148e,PL,,,Mikolaj,,,FAŁSZ,PRAWDA,Grochala,,,,CM,https://www.transfermarkt.pl/mikolaj-grochala/profil/spieler/1042615,,,
,,,6074adb807694d001781148e,PL,,,Adam,,,FAŁSZ,PRAWDA,Osica,,,,CM,https://www.transfermarkt.pl/adam-osica/profil/spieler/1006840,,,2004
,,,6074adb807694d001781148e,PL,,,Maciej,,,FAŁSZ,PRAWDA,Swiecinski,,,,CB,https://www.transfermarkt.pl/maciej-swiecinski/profil/spieler/1042616,,,
,,,611bf1f6fe16ff48a850e2eb,PL,,,Jan,,,FAŁSZ,PRAWDA,Labedzki,,,,CM,https://www.transfermarkt.pl/jan-labedzki/profil/spieler/1025972,,,2006
,,,611bf1f6fe16ff48a850e2eb,PL,,,Szymon,L,187,FAŁSZ,PRAWDA,Matuszko,,,,CB,https://www.transfermarkt.pl/szymon-matuszko/profil/spieler/993830,,,2004
,,,611bf1f6fe16ff48a850e2eb,PL,,,Michal,,,FAŁSZ,PRAWDA,Nowakowski,,,,CM,https://www.transfermarkt.pl/michal-nowakowski/profil/spieler/1059809,,,2004
,,,6083e7a3ea008800175f70fd,PL,,,Igor,,,FAŁSZ,PRAWDA,Kurowski,,,,CM,https://www.transfermarkt.pl/igor-kurowski/profil/spieler/1042523,,,2004
,,,6059f790e7a99d0017cde178,PL,,,Przemyslaw,,,FAŁSZ,PRAWDA,Marcjan,,,,F,https://www.transfermarkt.pl/przemyslaw-marcjan/profil/spieler/1045501,,,2003
,,,6059f790e7a99d0017cde178,PL,,,Patryk,,,FAŁSZ,PRAWDA,Maciolek,,,,CB,https://www.transfermarkt.pl/patryk-maciolek/profil/spieler/1055813,,,2002
,,,60532bcfaaeb6200179cd527,PL,,,Jakub,,,FAŁSZ,PRAWDA,Wietecki,,,,F,https://www.transfermarkt.pl/jakub-wietecki/profil/spieler/1048922,,,2004
,,,605cc58166809f0017dedc61,PL,,,Kamil,,,FAŁSZ,PRAWDA,Lapinski,,,,F,https://www.transfermarkt.pl/kamil-lapinski/profil/spieler/1046120,,,
,,,605cc58166809f0017dedc61,PL,,,Dawid,,,FAŁSZ,PRAWDA,Baraniecki,,,,F,https://www.transfermarkt.pl/dawid-baraniecki/profil/spieler/1045949,,,2003
,,,605cc58166809f0017dedc61,PL,,,Jakub,,,FAŁSZ,PRAWDA,Skowron,,,,GK,https://www.transfermarkt.pl/jakub-skowron/profil/spieler/1045947,,,2002
,,,605cc58166809f0017dedc61,PL,,,Kacper,,,FAŁSZ,PRAWDA,Piekarski,,,,CB,https://www.transfermarkt.pl/kacper-piekarski/profil/spieler/1043439,,,2004
,,,62ee5493b528c90018ab55bd,PL,,,Kamil,,,FAŁSZ,PRAWDA,Dalek,,,,CM,https://www.transfermarkt.pl/kamil-dalek/profil/spieler/1043956,,,
,,,62ee5493b528c90018ab55bd,PL,,,Marcel,,,FAŁSZ,PRAWDA,Olejniczak,,,,GK,https://www.transfermarkt.pl/marcel-olejniczak/profil/spieler/1057452,,,
,,,62ee5493b528c90018ab55bd,PL,,,Bartosz,,,FAŁSZ,PRAWDA,Nowacki,,,,CM,https://www.transfermarkt.pl/bartosz-nowacki/profil/spieler/1057450,,,
,,,62ee5493b528c90018ab55bd,PL,,,Ernest,,,FAŁSZ,PRAWDA,Korek,,,,CM,https://www.transfermarkt.pl/ernest-korek/profil/spieler/1042383,,,2003
,,,62ee5493b528c90018ab55bd,PL,,,Stanislaw,,,FAŁSZ,PRAWDA,Jarysz,,,,CB,https://www.transfermarkt.pl/stanislaw-jarysz/profil/spieler/1043953,,,2002
,,,611bf1f6fe16ff48a850e2c6,PL,,,Igor,,,FAŁSZ,PRAWDA,Wodz,,,,LM,https://www.transfermarkt.pl/igor-wodz/profil/spieler/1043198,,,2003
,,,611bf1f6fe16ff48a850e2aa,PL,,,Mateusz,,,FAŁSZ,PRAWDA,Jakubowski,,,,CM,https://www.transfermarkt.pl/mateusz-jakubowski/profil/spieler/1026644,,,2002
,,,611bf1f6fe16ff48a850e2aa,FR,,,Samir,R,164,FAŁSZ,PRAWDA,Galmami,,,,RB,https://www.transfermarkt.pl/samir-galmami/profil/spieler/904708,,,2003
,,,611bf1f6fe16ff48a850e2de,JM,,,Xahne-Georgio,,,FAŁSZ,PRAWDA,Reid,,,,CM,https://www.transfermarkt.pl/xahne-georgio-reid/profil/spieler/880383,,,1996
,,,611bf1f6fe16ff48a850e2de,PL,,,Maciej,,,FAŁSZ,PRAWDA,Knap,,,,CM,https://www.transfermarkt.pl/maciej-knap/profil/spieler/1054239,,,2003
,,,611bf1f6fe16ff48a850e2de,PL,,,Bartosz,,,FAŁSZ,PRAWDA,Wozniak,,,,CM,https://www.transfermarkt.pl/bartosz-wozniak/profil/spieler/1048920,,,
,,,611bf1f6fe16ff48a850e2de,PL,,,Jakub,,,FAŁSZ,PRAWDA,Mydlowiecki,,,,CM,https://www.transfermarkt.pl/jakub-mydlowiecki/profil/spieler/1043430,,,2002
,,,611bf1f6fe16ff48a850e2de,PL,,,Edgar,,,FAŁSZ,PRAWDA,Kaczmarczyk,,,,CM,https://www.transfermarkt.pl/edgar-kaczmarczyk/profil/spieler/1043433,,,2004
,,,611bf1f6fe16ff48a850e2e0,PL,,,Igor,,,FAŁSZ,PRAWDA,Wojtaszewski,,,,CM,https://www.transfermarkt.pl/igor-wojtaszewski/profil/spieler/1059884,,,2004
,,,611bf1f6fe16ff48a850e2e0,PL,,,Michal,,,FAŁSZ,PRAWDA,Mikolajczyk,,,,CB,https://www.transfermarkt.pl/michal-mikolajczyk/profil/spieler/1042671,,,
,,,611bf1f6fe16ff48a850e2e0,PL,,,Mateusz,,,FAŁSZ,PRAWDA,Wojciak,,,,CM,https://www.transfermarkt.pl/mateusz-wojciak/profil/spieler/1042670,,,
,,,611bf1f6fe16ff48a850e2e0,PL,,,Kacper,,,FAŁSZ,PRAWDA,Bak,,,,CM,https://www.transfermarkt.pl/kacper-bak/profil/spieler/1048109,,,2005
,,,6231e38e70139800181efba9,ES,,,Manuel,R,175,FAŁSZ,PRAWDA,Torres,,,,F/W,https://www.transfermarkt.pl/manuel-torres/profil/spieler/160376,,,1991
,,,605dc47d19793a00171e3d48,PL,,,Szczepan,,,FAŁSZ,PRAWDA,Loś,,,,CM,https://www.transfermarkt.pl/B/profil/spieler/1038382,,,
,,,627296a81cf1870018371de7,PL,,,Igor,,,FAŁSZ,PRAWDA,Kucharzewski,,,,CM,https://www.transfermarkt.pl/igor-kucharzewski/profil/spieler/1054966,,,2004
,,,627296a81cf1870018371de7,PL,,,Milosz,,,FAŁSZ,PRAWDA,Maciag,,,,F,https://www.transfermarkt.pl/milosz-maciag/profil/spieler/1054263,,,2006
,,,627296a81cf1870018371de7,UA,,,Igor,R,180,FAŁSZ,PRAWDA,Radchenko,,,,RB,https://www.transfermarkt.pl/igor-radchenko/profil/spieler/359349,,,1993
,,,60525ab391530f001704bc38,PL,,,Piotr,,,FAŁSZ,PRAWDA,Tomiczek,,,,F,https://www.transfermarkt.pl/piotr-tomiczek/profil/spieler/1046302,,,2004
,,,60525ab391530f001704bc38,PL,,,Szymon,,,FAŁSZ,PRAWDA,Bogunia,,,,CM,https://www.transfermarkt.pl/szymon-bogunia/profil/spieler/1050297,,,2004
,,,60525ab391530f001704bc38,PL,,,Tomasz,,,FAŁSZ,PRAWDA,Walaszek,,,,CB,https://www.transfermarkt.pl/tomasz-walaszek/profil/spieler/1013678,,,2005
,,,611bf1f6fe16ff48a850e2bd,PL,,,Wiktor,,,FAŁSZ,PRAWDA,Danielski,,,,CM,https://www.transfermarkt.pl/wiktor-danielski/profil/spieler/1055819,,,2002
,,,62f3623479e4470018ffe1ed,PL,,,Lukasz,,,FAŁSZ,PRAWDA,Bozko,,,,CM,https://www.transfermarkt.pl/lukasz-bozko/profil/spieler/1043947,,,
,,,62f3623479e4470018ffe1ed,PL,,,Kacper,,,FAŁSZ,PRAWDA,Zmudz,,,,CM,https://www.transfermarkt.pl/kacper-zmudz/profil/spieler/1043926,,,2003
,,,62f3623479e4470018ffe1ed,PL,,,Damian,,,FAŁSZ,PRAWDA,Galosz,,,,CM,https://www.transfermarkt.pl/damian-galosz/profil/spieler/1043927,,,2000
,,,62f3623479e4470018ffe1ed,PL,,,Jakub,,,FAŁSZ,PRAWDA,Maszka,,,,CM,https://www.transfermarkt.pl/jakub-maszka/profil/spieler/1043939,,,2004
,,,62f3623479e4470018ffe1ed,PL,,,Marcel,,,FAŁSZ,PRAWDA,Weclawek,,,,CM,https://www.transfermarkt.pl/marcel-weclawek/profil/spieler/1043928,,,2004
,,,62f3623479e4470018ffe1ed,PL,,,Dawid,,,FAŁSZ,PRAWDA,Kuczynski,,,,GK,https://www.transfermarkt.pl/dawid-kuczynski/profil/spieler/1050268,,,
,,,62f3623479e4470018ffe1ed,PL,,,Kamil,,,FAŁSZ,PRAWDA,Wisniewski,,,,F,https://www.transfermarkt.pl/kamil-wisniewski/profil/spieler/1043945,,,1994
,,,62f3623479e4470018ffe1ed,UA,,,Roman,,,FAŁSZ,PRAWDA,Hutyria,,,,F,https://www.transfermarkt.pl/roman-hutyria/profil/spieler/1045750,,,
,,,62f3623479e4470018ffe1ed,PL,,,Kacper,,,FAŁSZ,PRAWDA,Litwin,,,,CM,https://www.transfermarkt.pl/kacper-litwin/profil/spieler/1042373,,,1999
,,,62f3623479e4470018ffe1ed,PL,,,Jakub,,,FAŁSZ,PRAWDA,Ignasiak,,,,CB,https://www.transfermarkt.pl/jakub-ignasiak/profil/spieler/1057427,,,
,,,62fa1990bab94f0018f3fbf9,PL,,,Marcin,,,FAŁSZ,PRAWDA,Szydlowski,,,,GK,https://www.transfermarkt.pl/marcin-szydlowski/profil/spieler/1049169,,,2006
,,,62fa1990bab94f0018f3fbf9,PL,,,Jakub,,,FAŁSZ,PRAWDA,Krajewski,,,,GK,https://www.transfermarkt.pl/jakub-krajewski/profil/spieler/1046821,,,2001
,,,62fa1990bab94f0018f3fbf9,PL,,,Mateusz,,,FAŁSZ,PRAWDA,Miskiewicz,,,,RM,https://www.transfermarkt.pl/mateusz-miskiewicz/profil/spieler/1043199,,,2001
,,,62f8c3fcd76fa700184ca76c,PL,,,Damian,,,FAŁSZ,PRAWDA,Stasikowski,,,,CM,https://www.transfermarkt.pl/damian-stasikowski/profil/spieler/1045437,,,2000
,,,62f8c3fcd76fa700184ca76c,PL,,,Filip,,,FAŁSZ,PRAWDA,Maison,,,,CB,https://www.transfermarkt.pl/filip-maison/profil/spieler/1045447,,,2002
,,,62f8c3fcd76fa700184ca76c,PL,,,Mikolaj,,,FAŁSZ,PRAWDA,Winiecki,,,,CM,https://www.transfermarkt.pl/mikolaj-winiecki/profil/spieler/1046286,,,2003
,,,62f8c3fcd76fa700184ca76c,PL,,,Kacper,,,FAŁSZ,PRAWDA,Witkowski,,,,CB,https://www.transfermarkt.pl/kacper-witkowski/profil/spieler/1045429,,,2004
,,,62f8c3fcd76fa700184ca76c,PL,,,Hubert,,,FAŁSZ,PRAWDA,Choluj,,,,CM,https://www.transfermarkt.pl/hubert-choluj/profil/spieler/589356,,,2002
,,,62f8c3fcd76fa700184ca76c,PL,,,Marek,,,FAŁSZ,PRAWDA,Stefanczyk,,,,GK,https://www.transfermarkt.pl/marek-stefanczyk/profil/spieler/1045430,,,
,,,62f8c3fcd76fa700184ca76c,PL,,,Krzysztof,,,FAŁSZ,PRAWDA,Szal,,,,F,https://www.transfermarkt.pl/krzysztof-szal/profil/spieler/1045431,,,1989
,,,61bb39332ab2b50018482ae7,PL,,,Milosz,,,FAŁSZ,PRAWDA,Paluczak,,,,F,https://www.transfermarkt.pl/milosz-paluczak/profil/spieler/1055031,,,
,,,61bb39332ab2b50018482ae7,PL,,,Pawel,,,FAŁSZ,PRAWDA,Wozny,,,,CM,https://www.transfermarkt.pl/pawel-wozny/profil/spieler/1059633,,,2005
,,,61bb39332ab2b50018482ae7,PL,,,Fabian,,,FAŁSZ,PRAWDA,Gacek,,,,CM,https://www.transfermarkt.pl/fabian-gacek/profil/spieler/1049263,,,
,,,61bb39332ab2b50018482ae7,PL,,,Wojciech,,,FAŁSZ,PRAWDA,Gebka,,,,CB,https://www.transfermarkt.pl/wojciech-gebka/profil/spieler/1056397,,,
,,,611bf1f6fe16ff48a850e31b,PL,,,Michal,,,FAŁSZ,PRAWDA,Stefaniak,,,,GK,https://www.transfermarkt.pl/michal-stefaniak/profil/spieler/1048972,,,2006
,,,611bf1f6fe16ff48a850e31b,PL,,,Szymon,,,FAŁSZ,PRAWDA,Bora,,,,CB,https://www.transfermarkt.pl/szymon-bora/profil/spieler/1048747,,,2005
,,,62fa864b3d726900182423e8,PL,,,Olaf,,,FAŁSZ,PRAWDA,Zygmunt,,,,CM,https://www.transfermarkt.pl/olaf-zygmunt/profil/spieler/1042502,,,2003
,,,62fa864b3d726900182423e8,PL,,,Tomasz,,,FAŁSZ,PRAWDA,Turkiewicz,,,,GK,https://www.transfermarkt.pl/tomasz-turkiewicz/profil/spieler/1045194,,,2005
,,,62fa864b3d726900182423e8,PL,,,Grzegorz,,,FAŁSZ,PRAWDA,Lason,,,,GK,https://www.transfermarkt.pl/grzegorz-lason/profil/spieler/1042507,,,2004
,,,62fa864b3d726900182423e8,PL,,,Tymon,,,FAŁSZ,PRAWDA,Krawiec,,,,CB,https://www.transfermarkt.pl/tymon-krawiec/profil/spieler/1042503,,,2003
,,,62fa864b3d726900182423e8,PL,,,Szczepan,R,186,FAŁSZ,PRAWDA,Mazurek,,,,CB,https://www.transfermarkt.pl/szczepan-mazurek/profil/spieler/1042508,,,2004
,,,62fa864b3d726900182423e8,PL,,,Pawel,,,FAŁSZ,PRAWDA,Jurgo,,,,CM,https://www.transfermarkt.pl/pawel-jurgo/profil/spieler/1042505,,,2004
,,,62fa864b3d726900182423e8,PL,,,Jakub,,,FAŁSZ,PRAWDA,Bartecki,,,,CM,https://www.transfermarkt.pl/jakub-bartecki/profil/spieler/1042509,,,2004
,,,62fa864b3d726900182423e8,PL,,,Adrian,,,FAŁSZ,PRAWDA,Marciniak,,,,F,https://www.transfermarkt.pl/adrian-marciniak/profil/spieler/1047473,,,2003
,,,62fa864b3d726900182423e8,PL,,,Bartosz,,,FAŁSZ,PRAWDA,Matysiak,,,,F,https://www.transfermarkt.pl/bartosz-matysiak/profil/spieler/1042504,,,2003
,,,62fa864b3d726900182423e8,PL,,,Gabriel,,,FAŁSZ,PRAWDA,Draczynski,,,,CM,https://www.transfermarkt.pl/gabriel-draczynski/profil/spieler/1042500,,,2003
,,,62fa864b3d726900182423e8,PL,,,Szymon,,,FAŁSZ,PRAWDA,Bartlewicz,,,,CM,https://www.transfermarkt.pl/szymon-bartlewicz/profil/spieler/1042499,,,2005
,,,62fa864b3d726900182423e8,PL,,,Jakub,R,,FAŁSZ,PRAWDA,Cieslicki,,,,F/W,https://www.transfermarkt.pl/jakub-cieslicki/profil/spieler/699444,,,2003
,,,611bf1f6fe16ff48a850e2b1,PL,,,Mikolaj,,,FAŁSZ,PRAWDA,Mikula,,,,F,https://www.transfermarkt.pl/mikolaj-mikula/profil/spieler/1045422,,,
,,,606b4d9da2661f0017c67ee8,PL,,,Wojciech,,,FAŁSZ,PRAWDA,Ustupski,,,,F,https://www.transfermarkt.pl/wojciech-ustupski/profil/spieler/1041076,,,2004
,,,6048d2b0e56ecc001756486d,PL,,,Ignacy,,,FAŁSZ,PRAWDA,Nowosielski,,,,GK,https://www.transfermarkt.pl/ignacy-nowosielski/profil/spieler/1046189,,,
,,,6048d2b0e56ecc001756486d,PL,,,Damian,,,FAŁSZ,PRAWDA,Wojciechowski,,,,CM,https://www.transfermarkt.pl/damian-wojciechowski/profil/spieler/1055816,,,
,,,6048d2b0e56ecc001756486d,PL,,,Szymon,,,FAŁSZ,PRAWDA,Widziak,,,,F,https://www.transfermarkt.pl/szymon-widziak/profil/spieler/1059251,,,2005
,,,6048d2b0e56ecc001756486d,PL,,,Kacper,,,FAŁSZ,PRAWDA,Urysz,,,,CB,https://www.transfermarkt.pl/kacper-urysz/profil/spieler/1042498,,,2004
,,,607ed67b9318290017d92529,PL,,,Karol,,,FAŁSZ,PRAWDA,Tomaszewski,,,,CM,https://www.transfermarkt.pl/karol-tomaszewski/profil/spieler/1046184,,,
,,,611bf1f6fe16ff48a850e2be,JP,,,Kotaro,,170,FAŁSZ,PRAWDA,Hirota,,,,CM,https://www.transfermarkt.pl/kotaro-hirota/profil/spieler/687850,,,2000
,,,611bf1f6fe16ff48a850e2d2,BR,,,,,,FAŁSZ,PRAWDA,Neison,,,,F,https://www.transfermarkt.pl/neison/profil/spieler/1055811,,,1994
,,,611bf1f6fe16ff48a850e2ab,PL,,,Kacper,,,FAŁSZ,PRAWDA,Kalinski,,,,CB,https://www.transfermarkt.pl/kacper-kalinski/profil/spieler/1045426,,,
,,,611bf1f6fe16ff48a850e2ab,PL,,,Maciej,,,FAŁSZ,PRAWDA,Mikulski,,,,CM,https://www.transfermarkt.pl/maciej-mikulski/profil/spieler/1045424,,,2000
,,,611bf1f6fe16ff48a850e2ab,PL,,,Marcel,,,FAŁSZ,PRAWDA,Karolak,,,,F,https://www.transfermarkt.pl/marcel-karolak/profil/spieler/1047443,,,2004
,,,60880626fedf1c0017b2c757,PL,,,Norbert,,,FAŁSZ,PRAWDA,Florek,,,,F,https://www.transfermarkt.pl/norbert-florek/profil/spieler/1047428,,,2003
,,,60880626fedf1c0017b2c757,PL,,,Michal,,,FAŁSZ,PRAWDA,Skrzypek,,,,CM,https://www.transfermarkt.pl/michal-skrzypek/profil/spieler/1041608,,,2003
,,,611bf1f6fe16ff48a850e2d5,PL,,,Filip,,,FAŁSZ,PRAWDA,Wawrzyniak,,,,F,https://www.transfermarkt.pl/filip-wawrzyniak/profil/spieler/1053540,,,2004
,,,605a180fbba0ab0017ed02e6,PL,,,Andrzej,,,FAŁSZ,PRAWDA,Mirkowicz,,,,GK,https://www.transfermarkt.pl/andrzej-mirkowicz/profil/spieler/1042614,,,
,,,605a180fbba0ab0017ed02e6,PL,,,Maksymilian,,,FAŁSZ,PRAWDA,Czyzewski,,,,CB,https://www.transfermarkt.pl/maksymilian-czyzewski/profil/spieler/1056381,,,
,,,605a180fbba0ab0017ed02e6,PL,,,Lukasz,,,FAŁSZ,PRAWDA,Ochocki,,,,CB,https://www.transfermarkt.pl/lukasz-ochocki/profil/spieler/1042622,,,1987
,,,60a79cdd7f0cd6001798dada,PL,,,Tomasz,R,183,FAŁSZ,PRAWDA,Patorski,,,,RB,https://www.transfermarkt.pl/tomasz-patorski/profil/spieler/956075,,,2004
,,,60a79cdd7f0cd6001798dada,PL,,,Kacper,,,FAŁSZ,PRAWDA,Stepkowski,,,,CB,https://www.transfermarkt.pl/kacper-stepkowski/profil/spieler/1054999,,,2004
,,,60a79cdd7f0cd6001798dada,PL,,,Kacper,,,FAŁSZ,PRAWDA,Kalisz,,,,CM,https://www.transfermarkt.pl/kacper-kalisz/profil/spieler/1054997,,,
,,,60a79cdd7f0cd6001798dada,PL,,,Tymon,,,FAŁSZ,PRAWDA,Klosowicz,,,,CM,https://www.transfermarkt.pl/tymon-klosowicz/profil/spieler/1054998,,,
,,,60a79cdd7f0cd6001798dada,PL,,,Dawid,,,FAŁSZ,PRAWDA,Zagorski,,,,F,https://www.transfermarkt.pl/dawid-zagorski/profil/spieler/1054996,,,2004
,,,60a79cdd7f0cd6001798dada,PL,,,Bartlomiej,,,FAŁSZ,PRAWDA,Czajka,,,,GK,https://www.transfermarkt.pl/bartlomiej-czajka/profil/spieler/1058558,,,
,,,60a79cdd7f0cd6001798dada,PL,,,Grzegorz,R,187,FAŁSZ,PRAWDA,Burakowski,,,,DM,https://www.transfermarkt.pl/grzegorz-burakowski/profil/spieler/1058557,,,2005
,,,62f4eab651643e00186fd41f,PL,,,Mikolaj,,,FAŁSZ,PRAWDA,Kuc,,,,CM,https://www.transfermarkt.pl/mikolaj-kuc/profil/spieler/1059374,,,
,,,62f4eab651643e00186fd41f,PL,,,Natan,,,FAŁSZ,PRAWDA,Wierzchowski,,,,CM,https://www.transfermarkt.pl/natan-wierzchowski/profil/spieler/1055912,,,2005
,,,62f4eab651643e00186fd41f,PL,,,Kamil,R,187,FAŁSZ,PRAWDA,Popowicz,,,,F,https://www.transfermarkt.pl/kamil-popowicz/profil/spieler/388492,,,1996